,t,planningTimeMicros,cpuNanos,filter,$eq,$gt,$in,$ne,$nin,$type,$mod,$regex,$where,$elemMatch,$size,$,>=,<=,<,>,selector_comparision,selector_logical,selector_element,selector_evalutaion,selector_array,selector_bitwise,projection,misc,selector,standard_logical,all_operators,null_operand,regex_null_operand,text,query_length_raw,keywords_only,query_length_keywords_only,label
0,1712243230.296,83.0,176371,"{'user': '{}', 'password': '{}'}",0,0,0,0,0,0,0,0,0,0,0,0,0,0,0,0,1,1,1,1,1,1,1,1,1,1,1,1,1,"{""user"": ""{}"", ""password"": ""{}""}",32,"{: {}, : {}}",12,0
1,1712243230.296,83.0,176371,"{'user': '{}', 'password': '{}'}",0,0,0,0,0,0,0,0,0,0,0,0,0,0,0,0,1,1,1,1,1,1,1,1,1,1,1,1,1,"{""user"": ""{}"", ""password"": ""{}""}",32,"{: {}, : {}}",12,0
2,1712243230.297,71.0,112781,{'username': {'$regex': '^{}'}},0,0,0,0,0,0,0,1,0,0,0,1,0,0,0,0,1,1,1,1,1,1,1,1,1,1,1,1,1,"{""username"": {""$regex"": ""^{}""}}",31,{: {$regex: ^{}}},17,1
3,1712243230.297,71.0,112781,{'username': {'$regex': '^{}'}},0,0,0,0,0,0,0,1,0,0,0,1,0,0,0,0,1,1,1,1,1,1,1,1,1,1,1,1,1,"{""username"": {""$regex"": ""^{}""}}",31,{: {$regex: ^{}}},17,1
4,1712243230.297,42.0,71093,{'username': {'$ne': '{}'}},0,0,0,1,0,0,0,0,0,0,0,1,0,0,0,0,1,1,1,1,1,1,1,1,1,1,1,1,1,"{""username"": {""$ne"": ""{}""}}",27,{: {$ne: {}}},13,1
5,1712243230.297,42.0,71093,{'username': {'$ne': '{}'}},0,0,0,1,0,0,0,0,0,0,0,1,0,0,0,0,1,1,1,1,1,1,1,1,1,1,1,1,1,"{""username"": {""$ne"": ""{}""}}",27,{: {$ne: {}}},13,1
6,1712243230.298,46.0,81173,{'username': {'$gt': '{}'}},0,1,0,0,0,0,0,0,0,0,0,1,0,0,0,0,1,1,1,1,1,1,1,1,1,1,1,1,1,"{""username"": {""$gt"": ""{}""}}",27,{: {$gt: {}}},13,1
7,1712243230.298,46.0,81173,{'username': {'$gt': '{}'}},0,1,0,0,0,0,0,0,0,0,0,1,0,0,0,0,1,1,1,1,1,1,1,1,1,1,1,1,1,"{""username"": {""$gt"": ""{}""}}",27,{: {$gt: {}}},13,1
8,1712243230.298,83.0,141175,"{'user': 'hacker', 'password': {'$ne': ''}}",0,0,0,1,0,0,0,0,0,0,0,1,0,0,0,0,1,1,1,1,1,1,1,1,1,1,1,1,1,"{""user"": ""hacker"", ""password"": {""$ne"": """"}}",43,"{: , : {$ne: }}",15,1
9,1712243230.298,83.0,141175,"{'user': 'hacker', 'password': {'$ne': ''}}",0,0,0,1,0,0,0,0,0,0,0,1,0,0,0,0,1,1,1,1,1,1,1,1,1,1,1,1,1,"{""user"": ""hacker"", ""password"": {""$ne"": """"}}",43,"{: , : {$ne: }}",15,1
10,1712243230.299,45.0,82224,"{'user': 'hacker', 'password': {'&ne': ''}}",0,0,0,0,0,0,0,0,0,0,0,0,0,0,0,0,1,1,1,1,1,1,1,1,1,1,1,1,1,"{""user"": ""hacker"", ""password"": {""&ne"": """"}}",43,"{: , : {&: }}",13,1
11,1712243230.299,45.0,82224,"{'user': 'hacker', 'password': {'&ne': ''}}",0,0,0,0,0,0,0,0,0,0,0,0,0,0,0,0,1,1,1,1,1,1,1,1,1,1,1,1,1,"{""user"": ""hacker"", ""password"": {""&ne"": """"}}",43,"{: , : {&: }}",13,1
12,1712243230.303,61.0,110357,"{'user': 'alice', 'password': '123456'}",0,0,0,0,0,0,0,0,0,0,0,0,0,0,0,0,1,1,1,1,1,1,1,1,1,1,1,1,1,"{""user"": ""alice"", ""password"": ""123456""}",39,"{: , : }",8,0
13,1712243230.303,61.0,110357,"{'user': 'alice', 'password': '123456'}",0,0,0,0,0,0,0,0,0,0,0,0,0,0,0,0,1,1,1,1,1,1,1,1,1,1,1,1,1,"{""user"": ""alice"", ""password"": ""123456""}",39,"{: , : }",8,0
14,1712243230.304,128.0,177794,{'username': {'$regex': '^test'}},0,0,0,0,0,0,0,1,0,0,0,1,0,0,0,0,1,1,1,1,1,1,1,1,1,1,1,1,1,"{""username"": {""$regex"": ""^test""}}",33,{: {$regex: ^}},15,0
15,1712243230.304,128.0,177794,{'username': {'$regex': '^test'}},0,0,0,0,0,0,0,1,0,0,0,1,0,0,0,0,1,1,1,1,1,1,1,1,1,1,1,1,1,"{""username"": {""$regex"": ""^test""}}",33,{: {$regex: ^}},15,0
16,1712243230.304,128.0,177794,{'username': {'$regex': '^test'}},0,0,0,0,0,0,0,1,0,0,0,1,0,0,0,0,1,1,1,1,1,1,1,1,1,1,1,1,1,"{""username"": {""$regex"": ""^test""}}",33,{: {$regex: ^}},15,1
17,1712243230.304,41.0,69260,{'username': {'$ne': 'testuser'}},0,0,0,1,0,0,0,0,0,0,0,1,0,0,0,0,1,1,1,1,1,1,1,1,1,1,1,1,1,"{""username"": {""$ne"": ""testuser""}}",33,{: {$ne: }},11,0
18,1712243230.304,41.0,69260,{'username': {'$ne': 'testuser'}},0,0,0,1,0,0,0,0,0,0,0,1,0,0,0,0,1,1,1,1,1,1,1,1,1,1,1,1,1,"{""username"": {""$ne"": ""testuser""}}",33,{: {$ne: }},11,0
19,1712243230.305,30.0,54802,{'username': {'$gt': 'guest'}},0,1,0,0,0,0,0,0,0,0,0,1,0,0,0,0,1,1,1,1,1,1,1,1,1,1,1,1,1,"{""username"": {""$gt"": ""guest""}}",30,{: {$gt: }},11,0
20,1712243230.305,30.0,54802,{'username': {'$gt': 'guest'}},0,1,0,0,0,0,0,0,0,0,0,1,0,0,0,0,1,1,1,1,1,1,1,1,1,1,1,1,1,"{""username"": {""$gt"": ""guest""}}",30,{: {$gt: }},11,0
21,1712243230.305,28.0,52048,"{'user': 'john', 'password': 'qwerty'}",0,0,0,0,0,0,0,0,0,0,0,0,0,0,0,0,1,1,1,1,1,1,1,1,1,1,1,1,1,"{""user"": ""john"", ""password"": ""qwerty""}",38,"{: , : }",8,0
22,1712243230.305,28.0,52048,"{'user': 'john', 'password': 'qwerty'}",0,0,0,0,0,0,0,0,0,0,0,0,0,0,0,0,1,1,1,1,1,1,1,1,1,1,1,1,1,"{""user"": ""john"", ""password"": ""qwerty""}",38,"{: , : }",8,0
23,1712243230.305,28.0,52048,"{'user': 'john', 'password': 'qwerty'}",0,0,0,0,0,0,0,0,0,0,0,0,0,0,0,0,1,1,1,1,1,1,1,1,1,1,1,1,1,"{""user"": ""john"", ""password"": ""qwerty""}",38,"{: , : }",8,0
24,1712243230.306,62.0,99076,{'category': 'electronics'},0,0,0,0,0,0,0,0,0,0,0,0,0,0,0,0,1,1,1,1,1,1,1,1,1,1,1,1,1,"{""category"": ""electronics""}",27,{: },4,0
25,1712243230.306,62.0,99076,{'category': 'electronics'},0,0,0,0,0,0,0,0,0,0,0,0,0,0,0,0,1,1,1,1,1,1,1,1,1,1,1,1,1,"{""category"": ""electronics""}",27,{: },4,0
26,1712243230.307,47.0,81032,"{'category': 'electronics', 'price': {'$gt': 200}}",0,1,0,0,0,0,0,0,0,0,0,1,0,0,0,0,1,1,1,1,1,1,1,1,1,1,1,1,1,"{""category"": ""electronics"", ""price"": {""$gt"": 200}}",50,"{: , : {$gt: }}",15,0
27,1712243230.307,47.0,81032,"{'category': 'electronics', 'price': {'$gt': 200}}",0,1,0,0,0,0,0,0,0,0,0,1,0,0,0,0,1,1,1,1,1,1,1,1,1,1,1,1,1,"{""category"": ""electronics"", ""price"": {""$gt"": 200}}",50,"{: , : {$gt: }}",15,0
28,1712243230.307,53.0,82175,"{'category': 'electronics', 'price': {'$gt': 200}, 'name': {'$regex': '^S'}}",0,1,0,0,0,0,0,1,0,0,0,1,0,0,0,0,1,1,1,1,1,1,1,1,1,1,1,1,1,"{""category"": ""electronics"", ""price"": {""$gt"": 200}, ""name"": {""$regex"": ""^S""}}",76,"{: , : {$gt: }, : {$regex: ^}}",30,0
29,1712243230.307,53.0,82175,"{'category': 'electronics', 'price': {'$gt': 200}, 'name': {'$regex': '^S'}}",0,1,0,0,0,0,0,1,0,0,0,1,0,0,0,0,1,1,1,1,1,1,1,1,1,1,1,1,1,"{""category"": ""electronics"", ""price"": {""$gt"": 200}, ""name"": {""$regex"": ""^S""}}",76,"{: , : {$gt: }, : {$regex: ^}}",30,0
30,1712243230.308,29.0,56856,{},0,0,0,0,0,0,0,0,0,0,0,0,0,0,0,0,0,0,0,0,0,0,0,0,0,0,0,0,0,{},2,{},2,0
31,1712243230.308,29.0,56856,{},0,0,0,0,0,0,0,0,0,0,0,0,0,0,0,0,0,0,0,0,0,0,0,0,0,0,0,0,0,{},2,{},2,0
32,1712243230.308,30.0,58370,{'selector': {'department': 'engineering'}},0,0,0,0,0,0,0,0,0,0,0,0,0,0,0,0,1,1,1,1,1,1,1,1,1,1,1,1,1,"{""selector"": {""department"": ""engineering""}}",43,{: {: }},8,0
33,1712243230.308,30.0,58370,{'selector': {'department': 'engineering'}},0,0,0,0,0,0,0,0,0,0,0,0,0,0,0,0,1,1,1,1,1,1,1,1,1,1,1,1,1,"{""selector"": {""department"": ""engineering""}}",43,{: {: }},8,0
34,1712243230.309,48.0,84749,"{'_id': '001', 'name': 'John Doe', 'department': 'HR', 'salary': 50000}",0,0,0,0,0,0,0,0,0,0,0,0,0,0,0,0,1,1,1,1,1,1,1,1,1,1,1,1,1,"{""_id"": ""001"", ""name"": ""John Doe"", ""department"": ""HR"", ""salary"": 50000}",71,"{_: , :  , : , : }",18,0
35,1712243230.309,48.0,84749,"{'_id': '001', 'name': 'John Doe', 'department': 'HR', 'salary': 50000}",0,0,0,0,0,0,0,0,0,0,0,0,0,0,0,0,1,1,1,1,1,1,1,1,1,1,1,1,1,"{""_id"": ""001"", ""name"": ""John Doe"", ""department"": ""HR"", ""salary"": 50000}",71,"{_: , :  , : , : }",18,0
36,1712243230.309,57.0,72075,"{'user': '{}', 'password': '{}'}",0,0,0,0,0,0,0,0,0,0,0,0,0,0,0,0,1,1,1,1,1,1,1,1,1,1,1,1,1,"{""user"": ""{}"", ""password"": ""{}""}",32,"{: {}, : {}}",12,0
37,1712243230.309,57.0,72075,"{'user': '{}', 'password': '{}'}",0,0,0,0,0,0,0,0,0,0,0,0,0,0,0,0,1,1,1,1,1,1,1,1,1,1,1,1,1,"{""user"": ""{}"", ""password"": ""{}""}",32,"{: {}, : {}}",12,0
38,1712243230.309,46.0,75302,{'username': {'$regex': '^{}'}},0,0,0,0,0,0,0,1,0,0,0,1,0,0,0,0,1,1,1,1,1,1,1,1,1,1,1,1,1,"{""username"": {""$regex"": ""^{}""}}",31,{: {$regex: ^{}}},17,1
39,1712243230.309,46.0,75302,{'username': {'$regex': '^{}'}},0,0,0,0,0,0,0,1,0,0,0,1,0,0,0,0,1,1,1,1,1,1,1,1,1,1,1,1,1,"{""username"": {""$regex"": ""^{}""}}",31,{: {$regex: ^{}}},17,1
40,1712243230.31,27.0,49784,{'username': {'$ne': '{}'}},0,0,0,1,0,0,0,0,0,0,0,1,0,0,0,0,1,1,1,1,1,1,1,1,1,1,1,1,1,"{""username"": {""$ne"": ""{}""}}",27,{: {$ne: {}}},13,1
41,1712243230.31,27.0,49784,{'username': {'$ne': '{}'}},0,0,0,1,0,0,0,0,0,0,0,1,0,0,0,0,1,1,1,1,1,1,1,1,1,1,1,1,1,"{""username"": {""$ne"": ""{}""}}",27,{: {$ne: {}}},13,1
42,1712243230.31,29.0,53761,{'username': {'$gt': '{}'}},0,1,0,0,0,0,0,0,0,0,0,1,0,0,0,0,1,1,1,1,1,1,1,1,1,1,1,1,1,"{""username"": {""$gt"": ""{}""}}",27,{: {$gt: {}}},13,1
43,1712243230.31,29.0,53761,{'username': {'$gt': '{}'}},0,1,0,0,0,0,0,0,0,0,0,1,0,0,0,0,1,1,1,1,1,1,1,1,1,1,1,1,1,"{""username"": {""$gt"": ""{}""}}",27,{: {$gt: {}}},13,1
44,1712243230.311,33.0,58951,"{'user': 'hacker', 'password': {'$ne': ''}}",0,0,0,1,0,0,0,0,0,0,0,1,0,0,0,0,1,1,1,1,1,1,1,1,1,1,1,1,1,"{""user"": ""hacker"", ""password"": {""$ne"": """"}}",43,"{: , : {$ne: }}",15,1
45,1712243230.311,33.0,58951,"{'user': 'hacker', 'password': {'$ne': ''}}",0,0,0,1,0,0,0,0,0,0,0,1,0,0,0,0,1,1,1,1,1,1,1,1,1,1,1,1,1,"{""user"": ""hacker"", ""password"": {""$ne"": """"}}",43,"{: , : {$ne: }}",15,1
46,1712243230.311,56.0,87554,"{'user': 'hacker', 'password': {'&ne': ''}}",0,0,0,0,0,0,0,0,0,0,0,0,0,0,0,0,1,1,1,1,1,1,1,1,1,1,1,1,1,"{""user"": ""hacker"", ""password"": {""&ne"": """"}}",43,"{: , : {&: }}",13,1
47,1712243230.311,56.0,87554,"{'user': 'hacker', 'password': {'&ne': ''}}",0,0,0,0,0,0,0,0,0,0,0,0,0,0,0,0,1,1,1,1,1,1,1,1,1,1,1,1,1,"{""user"": ""hacker"", ""password"": {""&ne"": """"}}",43,"{: , : {&: }}",13,1
48,1712243230.326,51.0,86723,"{'user': 'alice', 'password': '123456'}",0,0,0,0,0,0,0,0,0,0,0,0,0,0,0,0,1,1,1,1,1,1,1,1,1,1,1,1,1,"{""user"": ""alice"", ""password"": ""123456""}",39,"{: , : }",8,0
49,1712243230.326,51.0,86723,"{'user': 'alice', 'password': '123456'}",0,0,0,0,0,0,0,0,0,0,0,0,0,0,0,0,1,1,1,1,1,1,1,1,1,1,1,1,1,"{""user"": ""alice"", ""password"": ""123456""}",39,"{: , : }",8,0
50,1712243230.326,52.0,81804,{'username': {'$regex': '^test'}},0,0,0,0,0,0,0,1,0,0,0,1,0,0,0,0,1,1,1,1,1,1,1,1,1,1,1,1,1,"{""username"": {""$regex"": ""^test""}}",33,{: {$regex: ^}},15,0
51,1712243230.326,52.0,81804,{'username': {'$regex': '^test'}},0,0,0,0,0,0,0,1,0,0,0,1,0,0,0,0,1,1,1,1,1,1,1,1,1,1,1,1,1,"{""username"": {""$regex"": ""^test""}}",33,{: {$regex: ^}},15,0
52,1712243230.326,52.0,81804,{'username': {'$regex': '^test'}},0,0,0,0,0,0,0,1,0,0,0,1,0,0,0,0,1,1,1,1,1,1,1,1,1,1,1,1,1,"{""username"": {""$regex"": ""^test""}}",33,{: {$regex: ^}},15,1
53,1712243230.327,34.0,61846,{'username': {'$ne': 'testuser'}},0,0,0,1,0,0,0,0,0,0,0,1,0,0,0,0,1,1,1,1,1,1,1,1,1,1,1,1,1,"{""username"": {""$ne"": ""testuser""}}",33,{: {$ne: }},11,0
54,1712243230.327,34.0,61846,{'username': {'$ne': 'testuser'}},0,0,0,1,0,0,0,0,0,0,0,1,0,0,0,0,1,1,1,1,1,1,1,1,1,1,1,1,1,"{""username"": {""$ne"": ""testuser""}}",33,{: {$ne: }},11,0
55,1712243230.328,65.0,124744,{'username': {'$gt': 'guest'}},0,1,0,0,0,0,0,0,0,0,0,1,0,0,0,0,1,1,1,1,1,1,1,1,1,1,1,1,1,"{""username"": {""$gt"": ""guest""}}",30,{: {$gt: }},11,0
56,1712243230.328,65.0,124744,{'username': {'$gt': 'guest'}},0,1,0,0,0,0,0,0,0,0,0,1,0,0,0,0,1,1,1,1,1,1,1,1,1,1,1,1,1,"{""username"": {""$gt"": ""guest""}}",30,{: {$gt: }},11,0
57,1712243230.328,63.0,112030,"{'user': 'john', 'password': 'qwerty'}",0,0,0,0,0,0,0,0,0,0,0,0,0,0,0,0,1,1,1,1,1,1,1,1,1,1,1,1,1,"{""user"": ""john"", ""password"": ""qwerty""}",38,"{: , : }",8,0
58,1712243230.328,63.0,112030,"{'user': 'john', 'password': 'qwerty'}",0,0,0,0,0,0,0,0,0,0,0,0,0,0,0,0,1,1,1,1,1,1,1,1,1,1,1,1,1,"{""user"": ""john"", ""password"": ""qwerty""}",38,"{: , : }",8,0
59,1712243230.328,63.0,112030,"{'user': 'john', 'password': 'qwerty'}",0,0,0,0,0,0,0,0,0,0,0,0,0,0,0,0,1,1,1,1,1,1,1,1,1,1,1,1,1,"{""user"": ""john"", ""password"": ""qwerty""}",38,"{: , : }",8,0
60,1712243230.332,69.0,138730,{},0,0,0,0,0,0,0,0,0,0,0,0,0,0,0,0,0,0,0,0,0,0,0,0,0,0,0,0,0,{},2,{},2,0
61,1712243230.332,69.0,138730,{},0,0,0,0,0,0,0,0,0,0,0,0,0,0,0,0,0,0,0,0,0,0,0,0,0,0,0,0,0,{},2,{},2,0
62,1712243230.334,56.0,102092,{'category': 'electronics'},0,0,0,0,0,0,0,0,0,0,0,0,0,0,0,0,1,1,1,1,1,1,1,1,1,1,1,1,1,"{""category"": ""electronics""}",27,{: },4,0
63,1712243230.334,56.0,102092,{'category': 'electronics'},0,0,0,0,0,0,0,0,0,0,0,0,0,0,0,0,1,1,1,1,1,1,1,1,1,1,1,1,1,"{""category"": ""electronics""}",27,{: },4,0
64,1712243230.334,39.0,68528,"{'category': 'electronics', 'price': {'$gt': 200}}",0,1,0,0,0,0,0,0,0,0,0,1,0,0,0,0,1,1,1,1,1,1,1,1,1,1,1,1,1,"{""category"": ""electronics"", ""price"": {""$gt"": 200}}",50,"{: , : {$gt: }}",15,0
65,1712243230.334,39.0,68528,"{'category': 'electronics', 'price': {'$gt': 200}}",0,1,0,0,0,0,0,0,0,0,0,1,0,0,0,0,1,1,1,1,1,1,1,1,1,1,1,1,1,"{""category"": ""electronics"", ""price"": {""$gt"": 200}}",50,"{: , : {$gt: }}",15,0
66,1712243230.334,47.0,77105,"{'category': 'electronics', 'price': {'$gt': 200}, 'name': {'$regex': '^S'}}",0,1,0,0,0,0,0,1,0,0,0,1,0,0,0,0,1,1,1,1,1,1,1,1,1,1,1,1,1,"{""category"": ""electronics"", ""price"": {""$gt"": 200}, ""name"": {""$regex"": ""^S""}}",76,"{: , : {$gt: }, : {$regex: ^}}",30,0
67,1712243230.334,47.0,77105,"{'category': 'electronics', 'price': {'$gt': 200}, 'name': {'$regex': '^S'}}",0,1,0,0,0,0,0,1,0,0,0,1,0,0,0,0,1,1,1,1,1,1,1,1,1,1,1,1,1,"{""category"": ""electronics"", ""price"": {""$gt"": 200}, ""name"": {""$regex"": ""^S""}}",76,"{: , : {$gt: }, : {$regex: ^}}",30,0
68,1712243230.335,28.0,53110,{},0,0,0,0,0,0,0,0,0,0,0,0,0,0,0,0,0,0,0,0,0,0,0,0,0,0,0,0,0,{},2,{},2,0
69,1712243230.335,28.0,53110,{},0,0,0,0,0,0,0,0,0,0,0,0,0,0,0,0,0,0,0,0,0,0,0,0,0,0,0,0,0,{},2,{},2,0
70,1712243230.335,34.0,61917,{'selector': {'department': 'engineering'}},0,0,0,0,0,0,0,0,0,0,0,0,0,0,0,0,1,1,1,1,1,1,1,1,1,1,1,1,1,"{""selector"": {""department"": ""engineering""}}",43,{: {: }},8,0
71,1712243230.335,34.0,61917,{'selector': {'department': 'engineering'}},0,0,0,0,0,0,0,0,0,0,0,0,0,0,0,0,1,1,1,1,1,1,1,1,1,1,1,1,1,"{""selector"": {""department"": ""engineering""}}",43,{: {: }},8,0
72,1712243230.336,53.0,87333,"{'_id': '001', 'name': 'John Doe', 'department': 'HR', 'salary': 50000}",0,0,0,0,0,0,0,0,0,0,0,0,0,0,0,0,1,1,1,1,1,1,1,1,1,1,1,1,1,"{""_id"": ""001"", ""name"": ""John Doe"", ""department"": ""HR"", ""salary"": 50000}",71,"{_: , :  , : , : }",18,0
73,1712243230.336,53.0,87333,"{'_id': '001', 'name': 'John Doe', 'department': 'HR', 'salary': 50000}",0,0,0,0,0,0,0,0,0,0,0,0,0,0,0,0,1,1,1,1,1,1,1,1,1,1,1,1,1,"{""_id"": ""001"", ""name"": ""John Doe"", ""department"": ""HR"", ""salary"": 50000}",71,"{_: , :  , : , : }",18,0
74,1712243230.337,65.0,108224,"{'user': '{}', 'password': 'pass'}",0,0,0,0,0,0,0,0,0,0,0,0,0,0,0,0,1,1,1,1,1,1,1,1,1,1,1,1,1,"{""user"": ""{}"", ""password"": ""pass""}",34,"{: {}, : }",10,0
75,1712243230.337,60.0,87374,"{'user': 'user', 'password': '{}'}",0,0,0,0,0,0,0,0,0,0,0,0,0,0,0,0,1,1,1,1,1,1,1,1,1,1,1,1,1,"{""user"": ""user"", ""password"": ""{}""}",34,"{: , : {}}",10,0
76,1712243230.338,63.0,114716,"{'user': 'admin', 'password': 'admin'}",0,0,0,0,0,0,0,0,0,0,0,0,0,0,0,0,1,1,1,1,1,1,1,1,1,1,1,1,1,"{""user"": ""admin"", ""password"": ""admin""}",38,"{: , : }",8,0
77,1712243230.338,63.0,114716,"{'user': 'admin', 'password': 'admin'}",0,0,0,0,0,0,0,0,0,0,0,0,0,0,0,0,1,1,1,1,1,1,1,1,1,1,1,1,1,"{""user"": ""admin"", ""password"": ""admin""}",38,"{: , : }",8,1
78,1712243230.338,59.0,102582,"{'user': 'testuser', 'password': 'testuser'}",0,0,0,0,0,0,0,0,0,0,0,0,0,0,0,0,1,1,1,1,1,1,1,1,1,1,1,1,1,"{""user"": ""testuser"", ""password"": ""testuser""}",44,"{: test, : test}",16,0
79,1712243230.339,36.0,64161,"{'user': '$username', 'password': '$password'}",0,0,0,0,0,0,0,0,0,0,0,1,0,0,0,0,1,1,1,1,1,1,1,1,1,1,1,1,1,"{""user"": ""$username"", ""password"": ""$password""}",46,"{: $name, : $}",14,0
80,1712243230.339,56.0,103243,"{'id': {}, 'value': 1}",0,0,0,0,0,0,0,0,0,0,0,0,0,0,0,0,1,1,1,1,1,1,1,1,1,1,1,1,1,"{""id"": {}, ""value"": 1}",22,"{: {}, : }",10,0
81,1712243230.34,67.0,118492,"{'name': 'John', 'age': {}}",0,0,0,0,0,0,0,0,0,0,0,0,0,0,0,0,1,1,1,1,1,1,1,1,1,1,1,1,1,"{""name"": ""John"", ""age"": {}}",27,"{: , : {}}",10,0
82,1712243230.341,289.0,129493,{'$where': 'this.age >= {}'},0,0,0,0,0,0,0,0,1,0,0,1,1,0,0,1,1,1,1,1,1,1,1,1,1,1,1,1,1,"{""$where"": ""this.age >= {}""}",28,{$where: . >= {}},17,1
83,1712243230.341,54.0,100148,"{'user': 'admin', 'password': {}}",0,0,0,0,0,0,0,0,0,0,0,0,0,0,0,0,1,1,1,1,1,1,1,1,1,1,1,1,1,"{""user"": ""admin"", ""password"": {}}",33,"{: , : {}}",10,1
84,1712243230.342,72.0,102822,"{'user': 'test', 'password': 'test'}",0,0,0,0,0,0,0,0,0,0,0,0,0,0,0,0,1,1,1,1,1,1,1,1,1,1,1,1,1,"{""user"": ""test"", ""password"": ""test""}",36,"{: , : }",8,1
85,1712243230.342,72.0,102822,"{'user': 'test', 'password': 'test'}",0,0,0,0,0,0,0,0,0,0,0,0,0,0,0,0,1,1,1,1,1,1,1,1,1,1,1,1,1,"{""user"": ""test"", ""password"": ""test""}",36,"{: , : }",8,0
86,1712243230.343,59.0,100558,"{'user': {'$ne': 'testuser'}, 'password': 'pass'}",0,0,0,1,0,0,0,0,0,0,0,1,0,0,0,0,1,1,1,1,1,1,1,1,1,1,1,1,1,"{""user"": {""$ne"": ""testuser""}, ""password"": ""pass""}",49,"{: {$ne: test}, : }",19,1
87,1712243230.343,65.0,110378,{'username': {'$regex': '^test'}},0,0,0,0,0,0,0,1,0,0,0,1,0,0,0,0,1,1,1,1,1,1,1,1,1,1,1,1,1,"{""username"": {""$regex"": ""^test""}}",33,{: {$regex: ^}},15,0
88,1712243230.343,65.0,110378,{'username': {'$regex': '^test'}},0,0,0,0,0,0,0,1,0,0,0,1,0,0,0,0,1,1,1,1,1,1,1,1,1,1,1,1,1,"{""username"": {""$regex"": ""^test""}}",33,{: {$regex: ^}},15,0
89,1712243230.343,65.0,110378,{'username': {'$regex': '^test'}},0,0,0,0,0,0,0,1,0,0,0,1,0,0,0,0,1,1,1,1,1,1,1,1,1,1,1,1,1,"{""username"": {""$regex"": ""^test""}}",33,{: {$regex: ^}},15,1
90,1712243230.344,46.0,77195,"{'user': {'$gt': 'guest'}, 'password': 'pass'}",0,1,0,0,0,0,0,0,0,0,0,1,0,0,0,0,1,1,1,1,1,1,1,1,1,1,1,1,1,"{""user"": {""$gt"": ""guest""}, ""password"": ""pass""}",46,"{: {$gt: }, : }",15,1
91,1712243230.344,59.0,99778,"{'type': 'user', 'name': 'admin', 'roles': ['_admin'], 'password': '123456'}",0,0,0,0,0,0,0,0,0,0,0,0,0,0,0,0,1,1,1,1,1,1,1,1,1,1,1,1,1,"{""type"": ""user"", ""name"": ""admin"", ""roles"": [""_admin""], ""password"": ""123456""}",76,"{: , : , : [_], : }",19,1
92,1712243230.345,80.0,121888,{'username': {'$regex': '.*{}.*'}},0,0,0,0,0,0,0,1,0,0,0,1,0,0,0,0,1,1,1,1,1,1,1,1,1,1,1,1,1,"{""username"": {""$regex"": "".*{}.*""}}",34,{: {$regex: .*{}.*}},20,1
93,1712243230.346,91.0,156875,"{'user': 'admin', 'password': {'$nin': ['pass', 'test']}}",0,0,0,0,1,0,0,0,0,0,0,1,0,0,0,0,1,1,1,1,1,1,1,1,1,1,1,1,1,"{""user"": ""admin"", ""password"": {""$nin"": [""pass"", ""test""]}}",57,"{: , : {$nin: [, ]}}",20,1
94,1712243230.348,55.0,90130,"{'user': {'$in': ['admin', 'root']}, 'password': 'password'}",0,0,1,0,0,0,0,0,0,0,0,1,0,0,0,0,1,1,1,1,1,1,1,1,1,1,1,1,1,"{""user"": {""$in"": [""admin"", ""root""]}, ""password"": ""password""}",60,"{: {$in: [, ]}, : }",19,1
95,1712243230.349,43.0,72165,"{'username': {'$regex': '^{}$', '$options': 'i'}}",0,0,0,0,0,0,0,1,0,0,0,1,0,0,0,0,1,1,1,1,1,1,1,1,1,1,1,1,1,"{""username"": {""$regex"": ""^{}$"", ""$options"": ""i""}}",49,"{: {$regex: ^{}$, $optons: }}",29,1
96,1712243230.35,31.0,54653,"{'name': {'$mod': [5, 0]}}",0,0,0,0,0,0,1,0,0,0,0,1,0,0,0,0,1,1,1,1,1,1,1,1,1,1,1,1,1,"{""name"": {""$mod"": [5, 0]}}",26,"{: {$mod: [, ]}}",16,1
97,1712243230.351,407.0,131404,{'$where': 'this.password.length > 10'},0,0,0,0,0,0,0,0,1,0,0,1,0,0,0,1,1,1,1,1,1,1,1,1,1,1,1,1,1,"{""$where"": ""this.password.length > 10""}",39,{$where: .. > },15,1
98,1712243230.352,45.0,79700,"{'user': 'test', 'password': 'pass'}",0,0,0,0,0,0,0,0,0,0,0,0,0,0,0,0,1,1,1,1,1,1,1,1,1,1,1,1,1,"{""user"": ""test"", ""password"": ""pass""}",36,"{: , : }",8,0
99,1712243230.352,31.0,55404,"{'name': 'John Doe', 'age': {}}",0,0,0,0,0,0,0,0,0,0,0,0,0,0,0,0,1,1,1,1,1,1,1,1,1,1,1,1,1,"{""name"": ""John Doe"", ""age"": {}}",31,"{:  , : {}}",11,0
100,1712243230.352,32.0,56075,"{'user': 'guest', 'password': 'guest'}",0,0,0,0,0,0,0,0,0,0,0,0,0,0,0,0,1,1,1,1,1,1,1,1,1,1,1,1,1,"{""user"": ""guest"", ""password"": ""guest""}",38,"{: , : }",8,0
101,1712243230.353,34.0,58860,"{'type': 'admin', 'name': 'admin', 'roles': ['admin'], 'password': 'admin'}",0,0,0,0,0,0,0,0,0,0,0,0,0,0,0,0,1,1,1,1,1,1,1,1,1,1,1,1,1,"{""type"": ""admin"", ""name"": ""admin"", ""roles"": [""admin""], ""password"": ""admin""}",75,"{: , : , : [], : }",18,0
102,1712243230.353,42.0,70773,"{'user': {'$size': 3}, 'password': '123456'}",0,0,0,0,0,0,0,0,0,0,1,1,0,0,0,0,1,1,1,1,1,1,1,1,1,1,1,1,1,"{""user"": {""$size"": 3}, ""password"": ""123456""}",44,"{: {$size: }, : 12456}",22,1
103,1712243230.354,230.0,107471,{'$where': 'this.age <= {}'},0,0,0,0,0,0,0,0,1,0,0,1,0,1,1,0,1,1,1,1,1,1,1,1,1,1,1,1,1,"{""$where"": ""this.age <= {}""}",28,{$where: . <= {}},17,1
104,1712243230.354,34.0,62818,{'name': {'$type': 2}},0,0,0,0,0,1,0,0,0,0,0,1,0,0,0,0,1,1,1,1,1,1,1,1,1,1,1,1,1,"{""name"": {""$type"": 2}}",22,{: {$type: }},13,1
105,1712243230.355,31.0,56696,{'name': {'$type': 16}},0,0,0,0,0,1,0,0,0,0,0,1,0,0,0,0,1,1,1,1,1,1,1,1,1,1,1,1,1,"{""name"": {""$type"": 16}}",23,{: {$type: }},13,1
106,1712243230.355,37.0,62026,"{'username': {'$regex': '^test', '$options': 'i'}}",0,0,0,0,0,0,0,1,0,0,0,1,0,0,0,0,1,1,1,1,1,1,1,1,1,1,1,1,1,"{""username"": {""$regex"": ""^test"", ""$options"": ""i""}}",50,"{: {$regex: ^, $optons: }}",26,1
107,1712243230.356,37.0,63269,"{'user': 'guest', 'password': {'$ne': 'guest'}}",0,0,0,1,0,0,0,0,0,0,0,1,0,0,0,0,1,1,1,1,1,1,1,1,1,1,1,1,1,"{""user"": ""guest"", ""password"": {""$ne"": ""guest""}}",47,"{: , : {$ne: }}",15,1
108,1712243230.356,57.0,93846,"{'user': {'$regex': '^{}$'}, 'password': 'pass'}",0,0,0,0,0,0,0,1,0,0,0,1,0,0,0,0,1,1,1,1,1,1,1,1,1,1,1,1,1,"{""user"": {""$regex"": ""^{}$""}, ""password"": ""pass""}",48,"{: {$regex: ^{}$}, : }",22,1
109,1712243230.359,381.0,150482,{'$where': 'this.password.length <= 5'},0,0,0,0,0,0,0,0,1,0,0,1,0,1,1,0,1,1,1,1,1,1,1,1,1,1,1,1,1,"{""$where"": ""this.password.length <= 5""}",39,{$where: .. <= },16,1
110,1712243230.359,64.0,111359,"{'user': 'test', 'password': 'password'}",0,0,0,0,0,0,0,0,0,0,0,0,0,0,0,0,1,1,1,1,1,1,1,1,1,1,1,1,1,"{""user"": ""test"", ""password"": ""password""}",40,"{: , : }",8,0
111,1712243230.36,73.0,103113,"{'name': 'Alice', 'age': {}}",0,0,0,0,0,0,0,0,0,0,0,0,0,0,0,0,1,1,1,1,1,1,1,1,1,1,1,1,1,"{""name"": ""Alice"", ""age"": {}}",28,"{: , : {}}",10,0
112,1712243230.361,43.0,76393,"{'user': 'john', 'password': 'qwerty'}",0,0,0,0,0,0,0,0,0,0,0,0,0,0,0,0,1,1,1,1,1,1,1,1,1,1,1,1,1,"{""user"": ""john"", ""password"": ""qwerty""}",38,"{: , : }",8,0
113,1712243230.361,43.0,76393,"{'user': 'john', 'password': 'qwerty'}",0,0,0,0,0,0,0,0,0,0,0,0,0,0,0,0,1,1,1,1,1,1,1,1,1,1,1,1,1,"{""user"": ""john"", ""password"": ""qwerty""}",38,"{: , : }",8,0
114,1712243230.361,43.0,76393,"{'user': 'john', 'password': 'qwerty'}",0,0,0,0,0,0,0,0,0,0,0,0,0,0,0,0,1,1,1,1,1,1,1,1,1,1,1,1,1,"{""user"": ""john"", ""password"": ""qwerty""}",38,"{: , : }",8,0
115,1712243230.361,50.0,87334,"{'type': 'user', 'name': 'user', 'roles': ['user'], 'password': 'user'}",0,0,0,0,0,0,0,0,0,0,0,0,0,0,0,0,1,1,1,1,1,1,1,1,1,1,1,1,1,"{""type"": ""user"", ""name"": ""user"", ""roles"": [""user""], ""password"": ""user""}",71,"{: , : , : [], : }",18,0
116,1712243230.361,50.0,87334,"{'type': 'user', 'name': 'user', 'roles': ['user'], 'password': 'user'}",0,0,0,0,0,0,0,0,0,0,0,0,0,0,0,0,1,1,1,1,1,1,1,1,1,1,1,1,1,"{""type"": ""user"", ""name"": ""user"", ""roles"": [""user""], ""password"": ""user""}",71,"{: , : , : [], : }",18,0
117,1712243230.362,71.0,125425,"{'user': ['testuser', 'admin'], 'password': 'password'}",0,0,0,0,0,0,0,0,0,0,0,0,0,0,0,0,1,1,1,1,1,1,1,1,1,1,1,1,1,"{""user"": [""testuser"", ""admin""], ""password"": ""password""}",55,"{: [test, ], : }",16,1
118,1712243230.363,77.0,131336,"{'username': {'$regex': '{}|admin', '$options': 'i'}}",0,0,0,0,0,0,0,1,0,0,0,1,0,0,0,0,1,1,1,1,1,1,1,1,1,1,1,1,1,"{""username"": {""$regex"": ""{}|admin"", ""$options"": ""i""}}",53,"{: {$regex: {}|, $optons: }}",28,1
119,1712243230.363,68.0,118031,"{'user': {'$size': 1}, 'password': 'test'}",0,0,0,0,0,0,0,0,0,0,1,1,0,0,0,0,1,1,1,1,1,1,1,1,1,1,1,1,1,"{""user"": {""$size"": 1}, ""password"": ""test""}",42,"{: {$size: }, : }",17,1
120,1712243230.365,40.0,77535,{'name': {'$type': 4}},0,0,0,0,0,1,0,0,0,0,0,1,0,0,0,0,1,1,1,1,1,1,1,1,1,1,1,1,1,"{""name"": {""$type"": 4}}",22,{: {$type: }},13,1
121,1712243230.366,56.0,98826,{'name': {'$type': 17}},0,0,0,0,0,1,0,0,0,0,0,1,0,0,0,0,1,1,1,1,1,1,1,1,1,1,1,1,1,"{""name"": {""$type"": 17}}",23,{: {$type: }},13,1
122,1712243230.367,56.0,87785,"{'username': {'$regex': '^{}$'}, 'password': {'$ne': 'test'}}",0,0,0,1,0,0,0,1,0,0,0,1,0,0,0,0,1,1,1,1,1,1,1,1,1,1,1,1,1,"{""username"": {""$regex"": ""^{}$""}, ""password"": {""$ne"": ""test""}}",61,"{: {$regex: ^{}$}, : {$ne: }}",29,1
123,1712243230.369,41.0,71615,"{'user': 'admin', 'password': 'admin'}",0,0,0,0,0,0,0,0,0,0,0,0,0,0,0,0,1,1,1,1,1,1,1,1,1,1,1,1,1,"{""user"": ""admin"", ""password"": ""admin""}",38,"{: , : }",8,0
124,1712243230.369,41.0,71615,"{'user': 'admin', 'password': 'admin'}",0,0,0,0,0,0,0,0,0,0,0,0,0,0,0,0,1,1,1,1,1,1,1,1,1,1,1,1,1,"{""user"": ""admin"", ""password"": ""admin""}",38,"{: , : }",8,1
125,1712243230.369,51.0,94507,"{'user': 'root', 'password': 'root'}",0,0,0,0,0,0,0,0,0,0,0,0,0,0,0,0,1,1,1,1,1,1,1,1,1,1,1,1,1,"{""user"": ""root"", ""password"": ""root""}",36,"{: , : }",8,1
126,1712243230.37,54.0,97333,"{'user': 'admin', 'password': 'password123'}",0,0,0,0,0,0,0,0,0,0,0,0,0,0,0,0,1,1,1,1,1,1,1,1,1,1,1,1,1,"{""user"": ""admin"", ""password"": ""password123""}",44,"{: , : 123}",11,1
127,1712243230.371,72.0,130054,"{'user': 'testuser', 'password': 'testuser123'}",0,0,0,0,0,0,0,0,0,0,0,0,0,0,0,0,1,1,1,1,1,1,1,1,1,1,1,1,1,"{""user"": ""testuser"", ""password"": ""testuser123""}",47,"{: test, : test123}",19,1
128,1712243230.371,59.0,111629,"{'user': 'test', 'password': 'test'}",0,0,0,0,0,0,0,0,0,0,0,0,0,0,0,0,1,1,1,1,1,1,1,1,1,1,1,1,1,"{""user"": ""test"", ""password"": ""test""}",36,"{: , : }",8,1
129,1712243230.371,59.0,111629,"{'user': 'test', 'password': 'test'}",0,0,0,0,0,0,0,0,0,0,0,0,0,0,0,0,1,1,1,1,1,1,1,1,1,1,1,1,1,"{""user"": ""test"", ""password"": ""test""}",36,"{: , : }",8,0
130,1712243230.372,67.0,126497,"{'name': 'Bob', 'age': {}}",0,0,0,0,0,0,0,0,0,0,0,0,0,0,0,0,1,1,1,1,1,1,1,1,1,1,1,1,1,"{""name"": ""Bob"", ""age"": {}}",26,"{: , : {}}",10,0
131,1712243230.373,64.0,109095,"{'user': 'john', 'password': 'password123'}",0,0,0,0,0,0,0,0,0,0,0,0,0,0,0,0,1,1,1,1,1,1,1,1,1,1,1,1,1,"{""user"": ""john"", ""password"": ""password123""}",43,"{: , : 123}",11,0
132,1712243230.374,62.0,106239,"{'type': 'user', 'name': 'user', 'roles': ['user'], 'password': 'user'}",0,0,0,0,0,0,0,0,0,0,0,0,0,0,0,0,1,1,1,1,1,1,1,1,1,1,1,1,1,"{""type"": ""user"", ""name"": ""user"", ""roles"": [""user""], ""password"": ""user""}",71,"{: , : , : [], : }",18,0
133,1712243230.374,62.0,106239,"{'type': 'user', 'name': 'user', 'roles': ['user'], 'password': 'user'}",0,0,0,0,0,0,0,0,0,0,0,0,0,0,0,0,1,1,1,1,1,1,1,1,1,1,1,1,1,"{""type"": ""user"", ""name"": ""user"", ""roles"": [""user""], ""password"": ""user""}",71,"{: , : , : [], : }",18,0
134,1712243230.375,80.0,143900,"{'user': {'$elemMatch': {'$eq': 'admin'}}, 'password': {'$ne': 'test'}}",1,0,0,1,0,0,0,0,0,1,0,1,0,0,0,0,1,1,1,1,1,1,1,1,1,1,1,1,1,"{""user"": {""$elemMatch"": {""$eq"": ""admin""}}, ""password"": {""$ne"": ""test""}}",71,"{: {$elemMatch: {$eq: }}, : {$ne: }}",36,1
135,1712243230.376,60.0,98595,"{'username': {'$regex': '{}.*admin.*', '$options': 'i'}}",0,0,0,0,0,0,0,1,0,0,0,1,0,0,0,0,1,1,1,1,1,1,1,1,1,1,1,1,1,"{""username"": {""$regex"": ""{}.*admin.*"", ""$options"": ""i""}}",56,"{: {$regex: {}.*.*, $optons: }}",31,1
136,1712243230.376,59.0,100118,"{'user': {'$size': 2}, 'password': '123456'}",0,0,0,0,0,0,0,0,0,0,1,1,0,0,0,0,1,1,1,1,1,1,1,1,1,1,1,1,1,"{""user"": {""$size"": 2}, ""password"": ""123456""}",44,"{: {$size: }, : 13456}",22,1
137,1712243230.378,53.0,96973,{'name': {'$type': 5}},0,0,0,0,0,1,0,0,0,0,0,1,0,0,0,0,1,1,1,1,1,1,1,1,1,1,1,1,1,"{""name"": {""$type"": 5}}",22,{: {$type: }},13,1
138,1712243230.379,74.0,121248,"{'username': {'$regex': '^{}$', '$options': 'i'}, 'password': {'$ne': 'admin'}}",0,0,0,1,0,0,0,1,0,0,0,1,0,0,0,0,1,1,1,1,1,1,1,1,1,1,1,1,1,"{""username"": {""$regex"": ""^{}$"", ""$options"": ""i""}, ""password"": {""$ne"": ""admin""}}",79,"{: {$regex: ^{}$, $optons: }, : {$ne: admn}}",44,1
139,1712243230.383,88.0,140403,"{'user': 'admin', 'password': 'administrator'}",0,0,0,0,0,0,0,0,0,0,0,0,0,0,0,0,1,1,1,1,1,1,1,1,1,1,1,1,1,"{""user"": ""admin"", ""password"": ""administrator""}",46,"{: , : istrator}",16,1
140,1712243230.384,69.0,122129,"{'user': 'root', 'password': 'administrator'}",0,0,0,0,0,0,0,0,0,0,0,0,0,0,0,0,1,1,1,1,1,1,1,1,1,1,1,1,1,"{""user"": ""root"", ""password"": ""administrator""}",45,"{: , : }",8,1
141,1712243230.385,66.0,115777,"{'user': 'admin', 'password': 'admin123'}",0,0,0,0,0,0,0,0,0,0,0,0,0,0,0,0,1,1,1,1,1,1,1,1,1,1,1,1,1,"{""user"": ""admin"", ""password"": ""admin123""}",41,"{: , : 123}",11,1
142,1712243230.386,56.0,98876,"{'user': 'testuser', 'password': 'testuser2023'}",0,0,0,0,0,0,0,0,0,0,0,0,0,0,0,0,1,1,1,1,1,1,1,1,1,1,1,1,1,"{""user"": ""testuser"", ""password"": ""testuser2023""}",48,"{: test, : test2023}",20,1
143,1712243230.386,63.0,113493,"{'user': 'test', 'password': 'pass123'}",0,0,0,0,0,0,0,0,0,0,0,0,0,0,0,0,1,1,1,1,1,1,1,1,1,1,1,1,1,"{""user"": ""test"", ""password"": ""pass123""}",39,"{: , : }",8,0
144,1712243230.387,65.0,115406,"{'name': 'Jane', 'age': {}}",0,0,0,0,0,0,0,0,0,0,0,0,0,0,0,0,1,1,1,1,1,1,1,1,1,1,1,1,1,"{""name"": ""Jane"", ""age"": {}}",27,"{: , : {}}",10,0
145,1712243230.388,57.0,99877,"{'user': 'john', 'password': 'password2023'}",0,0,0,0,0,0,0,0,0,0,0,0,0,0,0,0,1,1,1,1,1,1,1,1,1,1,1,1,1,"{""user"": ""john"", ""password"": ""password2023""}",44,"{: , : 2023}",12,0
146,1712243230.389,42.0,71254,"{'type': 'user', 'name': 'user', 'roles': ['user'], 'password': 'secure123'}",0,0,0,0,0,0,0,0,0,0,0,0,0,0,0,0,1,1,1,1,1,1,1,1,1,1,1,1,1,"{""type"": ""user"", ""name"": ""user"", ""roles"": [""user""], ""password"": ""secure123""}",76,"{: , : , : [], : }",18,0
147,1712243230.389,46.0,82014,"{'type': 'user', 'name': 'user', 'roles': ['user'], 'password': 'password2023'}",0,0,0,0,0,0,0,0,0,0,0,0,0,0,0,0,1,1,1,1,1,1,1,1,1,1,1,1,1,"{""type"": ""user"", ""name"": ""user"", ""roles"": [""user""], ""password"": ""password2023""}",79,"{: , : , : [], : 2023}",22,0
148,1712243230.39,60.0,106159,"{'user': 'malicious1', 'password': 'malicious1password'}",0,0,0,0,0,0,0,0,0,0,0,0,0,0,0,0,1,1,1,1,1,1,1,1,1,1,1,1,1,"{""user"": ""malicious1"", ""password"": ""malicious1password""}",56,"{: , : }",8,1
149,1712243230.391,86.0,145203,{'username': {'$regex': '^malicious2'}},0,0,0,0,0,0,0,1,0,0,0,1,0,0,0,0,1,1,1,1,1,1,1,1,1,1,1,1,1,"{""username"": {""$regex"": ""^malicious2""}}",39,{: {$regex: ^}},15,1
150,1712243230.392,77.0,130605,"{'user': 'test', 'password': 'test{}'}",0,0,0,0,0,0,0,0,0,0,0,0,0,0,0,0,1,1,1,1,1,1,1,1,1,1,1,1,1,"{""user"": ""test"", ""password"": ""test{}""}",38,"{: , : {}}",10,1
151,1712243230.392,77.0,130605,"{'user': 'test', 'password': 'test{}'}",0,0,0,0,0,0,0,0,0,0,0,0,0,0,0,0,1,1,1,1,1,1,1,1,1,1,1,1,1,"{""user"": ""test"", ""password"": ""test{}""}",38,"{: , : {}}",10,0
152,1712243230.393,64.0,110968,"{'user': {'$in': ['admin', 'root', 'hacker']}, 'password': 'password'}",0,0,1,0,0,0,0,0,0,0,0,1,0,0,0,0,1,1,1,1,1,1,1,1,1,1,1,1,1,"{""user"": {""$in"": [""admin"", ""root"", ""hacker""]}, ""password"": ""password""}",70,"{: {$in: [, , ]}, : }",21,1
153,1712243230.394,173.0,295284,"{'user': {'$size': 4}, 'password': '123456'}",0,0,0,0,0,0,0,0,0,0,1,1,0,0,0,0,1,1,1,1,1,1,1,1,1,1,1,1,1,"{""user"": {""$size"": 4}, ""password"": ""123456""}",44,"{: {$size: }, : 12356}",22,1
154,1712243230.398,67.0,102152,{'username': {'$regex': '^(malicious3|malicious4)\\d+'}},0,0,0,0,0,0,0,1,0,0,0,1,0,0,0,0,1,1,1,1,1,1,1,1,1,1,1,1,1,"{""username"": {""$regex"": ""^(malicious3|malicious4)\\d+""}}",56,{: {$regex: ^(|)\\+}},21,1
155,1712243230.398,38.0,65413,"{'user': {'$eq': 'admin'}, 'password': 'malicious5'}",1,0,0,0,0,0,0,0,0,0,0,1,0,0,0,0,1,1,1,1,1,1,1,1,1,1,1,1,1,"{""user"": {""$eq"": ""admin""}, ""password"": ""malicious5""}",52,"{: {$eq: }, : }",15,1
156,1712243230.399,34.0,57478,{'user': {'$regex': '^malicious6'}},0,0,0,0,0,0,0,1,0,0,0,1,0,0,0,0,1,1,1,1,1,1,1,1,1,1,1,1,1,"{""user"": {""$regex"": ""^malicious6""}}",35,{: {$regex: ^}},15,1
157,1712243230.399,39.0,68929,"{'user': 'malicious9', 'password': {'$ne': 'malicious9password'}}",0,0,0,1,0,0,0,0,0,0,0,1,0,0,0,0,1,1,1,1,1,1,1,1,1,1,1,1,1,"{""user"": ""malicious9"", ""password"": {""$ne"": ""malicious9password""}}",65,"{: , : {$ne: }}",15,1
158,1712243230.4,37.0,62246,"{'user': {'$in': ['admin', 'root', 'malicious10']}, 'password': 'malicious10password'}",0,0,1,0,0,0,0,0,0,0,0,1,0,0,0,0,1,1,1,1,1,1,1,1,1,1,1,1,1,"{""user"": {""$in"": [""admin"", ""root"", ""malicious10""]}, ""password"": ""malicious10password""}",86,"{: {$in: [, , ]}, : }",21,1
159,1712243230.401,43.0,73278,"{'user': 'benign28', 'name': {'$type': 2}}",0,0,0,0,0,1,0,0,0,0,0,1,0,0,0,0,1,1,1,1,1,1,1,1,1,1,1,1,1,"{""user"": ""benign28"", ""name"": {""$type"": 2}}",42,"{: , : {$type: }}",17,0
160,1712243230.401,59.0,101841,"{'user': 'benign1', 'password': 'benign1password'}",0,0,0,0,0,0,0,0,0,0,0,0,0,0,0,0,1,1,1,1,1,1,1,1,1,1,1,1,1,"{""user"": ""benign1"", ""password"": ""benign1password""}",50,"{: , : }",8,0
161,1712243230.402,40.0,66074,{'username': {'$regex': '^benign2'}},0,0,0,0,0,0,0,1,0,0,0,1,0,0,0,0,1,1,1,1,1,1,1,1,1,1,1,1,1,"{""username"": {""$regex"": ""^benign2""}}",36,{: {$regex: ^}},15,0
162,1712243230.402,42.0,72977,"{'user': 'test', 'password': 'test{}'}",0,0,0,0,0,0,0,0,0,0,0,0,0,0,0,0,1,1,1,1,1,1,1,1,1,1,1,1,1,"{""user"": ""test"", ""password"": ""test{}""}",38,"{: , : {}}",10,1
163,1712243230.402,42.0,72977,"{'user': 'test', 'password': 'test{}'}",0,0,0,0,0,0,0,0,0,0,0,0,0,0,0,0,1,1,1,1,1,1,1,1,1,1,1,1,1,"{""user"": ""test"", ""password"": ""test{}""}",38,"{: , : {}}",10,0
164,1712243230.403,41.0,69360,"{'user': {'$in': ['guest', 'user', 'benign3']}, 'password': 'password'}",0,0,1,0,0,0,0,0,0,0,0,1,0,0,0,0,1,1,1,1,1,1,1,1,1,1,1,1,1,"{""user"": {""$in"": [""guest"", ""user"", ""benign3""]}, ""password"": ""password""}",71,"{: {$in: [, , ]}, : }",21,0
165,1712243230.403,35.0,60614,"{'user': {'$size': 5}, 'password': '123456'}",0,0,0,0,0,0,0,0,0,0,1,1,0,0,0,0,1,1,1,1,1,1,1,1,1,1,1,1,1,"{""user"": {""$size"": 5}, ""password"": ""123456""}",44,"{: {$size: }, : 12346}",22,0
166,1712243230.405,43.0,70963,{'username': {'$regex': '^(benign4|benign5)\\d+'}},0,0,0,0,0,0,0,1,0,0,0,1,0,0,0,0,1,1,1,1,1,1,1,1,1,1,1,1,1,"{""username"": {""$regex"": ""^(benign4|benign5)\\d+""}}",50,{: {$regex: ^(|)\\+}},21,0
167,1712243230.405,37.0,62878,"{'user': {'$eq': 'user'}, 'password': 'benign6'}",1,0,0,0,0,0,0,0,0,0,0,1,0,0,0,0,1,1,1,1,1,1,1,1,1,1,1,1,1,"{""user"": {""$eq"": ""user""}, ""password"": ""benign6""}",48,"{: {$eq: }, : }",15,0
168,1712243230.406,57.0,104716,{'user': {'$regex': '^benign7'}},0,0,0,0,0,0,0,1,0,0,0,1,0,0,0,0,1,1,1,1,1,1,1,1,1,1,1,1,1,"{""user"": {""$regex"": ""^benign7""}}",32,{: {$regex: ^}},15,0
169,1712243230.407,66.0,114675,"{'user': 'benign10', 'password': {'$ne': 'benign10password'}}",0,0,0,1,0,0,0,0,0,0,0,1,0,0,0,0,1,1,1,1,1,1,1,1,1,1,1,1,1,"{""user"": ""benign10"", ""password"": {""$ne"": ""benign10password""}}",61,"{: , : {$ne: }}",15,0
170,1712243230.407,57.0,96901,"{'user': {'$in': ['guest', 'user', 'benign11']}, 'password': 'benign11password'}",0,0,1,0,0,0,0,0,0,0,0,1,0,0,0,0,1,1,1,1,1,1,1,1,1,1,1,1,1,"{""user"": {""$in"": [""guest"", ""user"", ""benign11""]}, ""password"": ""benign11password""}",80,"{: {$in: [, , ]}, : }",21,0
171,1712243230.408,69.0,123983,"{'user': 'malicious11', 'password': 'malicious11password'}",0,0,0,0,0,0,0,0,0,0,0,0,0,0,0,0,1,1,1,1,1,1,1,1,1,1,1,1,1,"{""user"": ""malicious11"", ""password"": ""malicious11password""}",58,"{: , : }",8,1
172,1712243230.409,71.0,118703,{'username': {'$regex': '^malicious12'}},0,0,0,0,0,0,0,1,0,0,0,1,0,0,0,0,1,1,1,1,1,1,1,1,1,1,1,1,1,"{""username"": {""$regex"": ""^malicious12""}}",40,{: {$regex: ^}},15,1
173,1712243230.41,77.0,143760,"{'user': 'test', 'password': 'test123{}'}",0,0,0,0,0,0,0,0,0,0,0,0,0,0,0,0,1,1,1,1,1,1,1,1,1,1,1,1,1,"{""user"": ""test"", ""password"": ""test123{}""}",41,"{: , : 123{}}",13,1
174,1712243230.411,265.0,378420,"{'user': {'$in': ['admin', 'root', 'hacker', 'malicious13']}, 'password': 'password'}",0,0,1,0,0,0,0,0,0,0,0,1,0,0,0,0,1,1,1,1,1,1,1,1,1,1,1,1,1,"{""user"": {""$in"": [""admin"", ""root"", ""hacker"", ""malicious13""]}, ""password"": ""password""}",85,"{: {$in: [, , , ]}, : }",23,1
175,1712243230.412,70.0,113883,"{'user': {'$size': 6}, 'password': '123456'}",0,0,0,0,0,0,0,0,0,0,1,1,0,0,0,0,1,1,1,1,1,1,1,1,1,1,1,1,1,"{""user"": {""$size"": 6}, ""password"": ""123456""}",44,"{: {$size: }, : 12345}",22,1
176,1712243230.414,45.0,72937,{'username': {'$regex': '^(malicious14|malicious15)\\d+'}},0,0,0,0,0,0,0,1,0,0,0,1,0,0,0,0,1,1,1,1,1,1,1,1,1,1,1,1,1,"{""username"": {""$regex"": ""^(malicious14|malicious15)\\d+""}}",58,{: {$regex: ^(|)\\+}},21,1
177,1712243230.415,32.0,55815,"{'user': {'$eq': 'admin'}, 'password': 'malicious16'}",1,0,0,0,0,0,0,0,0,0,0,1,0,0,0,0,1,1,1,1,1,1,1,1,1,1,1,1,1,"{""user"": {""$eq"": ""admin""}, ""password"": ""malicious16""}",53,"{: {$eq: }, : }",15,1
178,1712243230.415,31.0,54712,{'user': {'$regex': '^malicious17'}},0,0,0,0,0,0,0,1,0,0,0,1,0,0,0,0,1,1,1,1,1,1,1,1,1,1,1,1,1,"{""user"": {""$regex"": ""^malicious17""}}",36,{: {$regex: ^}},15,1
179,1712243230.416,36.0,62718,"{'user': 'malicious20', 'password': {'$ne': 'malicious20password'}}",0,0,0,1,0,0,0,0,0,0,0,1,0,0,0,0,1,1,1,1,1,1,1,1,1,1,1,1,1,"{""user"": ""malicious20"", ""password"": {""$ne"": ""malicious20password""}}",67,"{: , : {$ne: }}",15,1
180,1712243230.416,56.0,106841,"{'user': {'$in': ['admin', 'root', 'malicious21', 'hacker']}, 'password': 'malicious21password'}",0,0,1,0,0,0,0,0,0,0,0,1,0,0,0,0,1,1,1,1,1,1,1,1,1,1,1,1,1,"{""user"": {""$in"": [""admin"", ""root"", ""malicious21"", ""hacker""]}, ""password"": ""malicious21password""}",96,"{: {$in: [, , , ]}, : }",23,1
181,1712243230.417,63.0,113042,"{'user': 'benign12', 'password': 'benign12password'}",0,0,0,0,0,0,0,0,0,0,0,0,0,0,0,0,1,1,1,1,1,1,1,1,1,1,1,1,1,"{""user"": ""benign12"", ""password"": ""benign12password""}",52,"{: , : }",8,0
182,1712243230.417,52.0,87574,{'username': {'$regex': '^benign13'}},0,0,0,0,0,0,0,1,0,0,0,1,0,0,0,0,1,1,1,1,1,1,1,1,1,1,1,1,1,"{""username"": {""$regex"": ""^benign13""}}",37,{: {$regex: ^}},15,0
183,1712243230.418,32.0,56276,"{'user': 'test', 'password': 'test456{}'}",0,0,0,0,0,0,0,0,0,0,0,0,0,0,0,0,1,1,1,1,1,1,1,1,1,1,1,1,1,"{""user"": ""test"", ""password"": ""test456{}""}",41,"{: , : 456{}}",13,0
184,1712243230.418,33.0,55083,"{'user': {'$in': ['guest', 'user', 'benign14']}, 'password': 'password'}",0,0,1,0,0,0,0,0,0,0,0,1,0,0,0,0,1,1,1,1,1,1,1,1,1,1,1,1,1,"{""user"": {""$in"": [""guest"", ""user"", ""benign14""]}, ""password"": ""password""}",72,"{: {$in: [, , ]}, : }",21,0
185,1712243230.419,30.0,53651,"{'user': {'$size': 7}, 'password': '123456'}",0,0,0,0,0,0,0,0,0,0,1,1,0,0,0,0,1,1,1,1,1,1,1,1,1,1,1,1,1,"{""user"": {""$size"": 7}, ""password"": ""123456""}",44,"{: {$size: }, : }",17,0
186,1712243230.421,70.0,116359,{'username': {'$regex': '^(benign15|benign16)\\d+'}},0,0,0,0,0,0,0,1,0,0,0,1,0,0,0,0,1,1,1,1,1,1,1,1,1,1,1,1,1,"{""username"": {""$regex"": ""^(benign15|benign16)\\d+""}}",52,{: {$regex: ^(|)\\+}},21,0
187,1712243230.422,67.0,116939,"{'user': {'$eq': 'user'}, 'password': 'benign17'}",1,0,0,0,0,0,0,0,0,0,0,1,0,0,0,0,1,1,1,1,1,1,1,1,1,1,1,1,1,"{""user"": {""$eq"": ""user""}, ""password"": ""benign17""}",49,"{: {$eq: }, : }",15,0
188,1712243230.422,53.0,89047,{'user': {'$regex': '^benign18'}},0,0,0,0,0,0,0,1,0,0,0,1,0,0,0,0,1,1,1,1,1,1,1,1,1,1,1,1,1,"{""user"": {""$regex"": ""^benign18""}}",33,{: {$regex: ^}},15,0
189,1712243230.423,39.0,65193,"{'user': 'benign21', 'password': {'$ne': 'benign21password'}}",0,0,0,1,0,0,0,0,0,0,0,1,0,0,0,0,1,1,1,1,1,1,1,1,1,1,1,1,1,"{""user"": ""benign21"", ""password"": {""$ne"": ""benign21password""}}",61,"{: , : {$ne: }}",15,0
190,1712243230.423,33.0,57498,"{'user': {'$in': ['guest', 'user', 'benign22']}, 'password': 'benign22password'}",0,0,1,0,0,0,0,0,0,0,0,1,0,0,0,0,1,1,1,1,1,1,1,1,1,1,1,1,1,"{""user"": {""$in"": [""guest"", ""user"", ""benign22""]}, ""password"": ""benign22password""}",80,"{: {$in: [, , ]}, : }",21,0
191,1712243230.425,74.0,124534,"{'user': {'$gt': 'admin'}, 'password': 'maliciouspassword'}",0,1,0,0,0,0,0,0,0,0,0,1,0,0,0,0,1,1,1,1,1,1,1,1,1,1,1,1,1,"{""user"": {""$gt"": ""admin""}, ""password"": ""maliciouspassword""}",59,"{: {$gt: }, : malicious}",24,1
192,1712243230.425,74.0,124534,"{'user': {'$gt': 'admin'}, 'password': 'maliciouspassword'}",0,1,0,0,0,0,0,0,0,0,0,1,0,0,0,0,1,1,1,1,1,1,1,1,1,1,1,1,1,"{""user"": {""$gt"": ""admin""}, ""password"": ""maliciouspassword""}",59,"{: {$gt: }, : malicious}",24,1
193,1712243230.426,90.0,148849,"{'user': 'malicious26', 'password': {'$ne': 'maliciouspassword'}}",0,0,0,1,0,0,0,0,0,0,0,1,0,0,0,0,1,1,1,1,1,1,1,1,1,1,1,1,1,"{""user"": ""malicious26"", ""password"": {""$ne"": ""maliciouspassword""}}",65,"{: , : {$ne: malicious}}",24,1
194,1712243230.427,91.0,160611,"{'user': {'$in': ['admin', 'root', 'malicious27', 'hacker', 'test']}, 'password': 'maliciouspassword'}",0,0,1,0,0,0,0,0,0,0,0,1,0,0,0,0,1,1,1,1,1,1,1,1,1,1,1,1,1,"{""user"": {""$in"": [""admin"", ""root"", ""malicious27"", ""hacker"", ""test""]}, ""password"": ""maliciouspassword""}",102,"{: {$in: [, , , , ]}, : malicious}",34,1
195,1712243230.428,233.0,345429,"{'user': {'$size': 9}, 'password': 'benignpassword'}",0,0,0,0,0,0,0,0,0,0,1,1,0,0,0,0,1,1,1,1,1,1,1,1,1,1,1,1,1,"{""user"": {""$size"": 9}, ""password"": ""benignpassword""}",52,"{: {$size: }, : benign}",23,0
196,1712243230.433,105.0,176491,"{'user': {'$gt': 'user'}, 'password': 'benignpassword'}",0,1,0,0,0,0,0,0,0,0,0,1,0,0,0,0,1,1,1,1,1,1,1,1,1,1,1,1,1,"{""user"": {""$gt"": ""user""}, ""password"": ""benignpassword""}",55,"{: {$gt: }, : benign}",21,0
197,1712243230.433,105.0,176491,"{'user': {'$gt': 'user'}, 'password': 'benignpassword'}",0,1,0,0,0,0,0,0,0,0,0,1,0,0,0,0,1,1,1,1,1,1,1,1,1,1,1,1,1,"{""user"": {""$gt"": ""user""}, ""password"": ""benignpassword""}",55,"{: {$gt: }, : benign}",21,0
198,1712243230.435,96.0,166602,"{'user': 'benign26', 'password': {'$ne': 'benignpassword'}}",0,0,0,1,0,0,0,0,0,0,0,1,0,0,0,0,1,1,1,1,1,1,1,1,1,1,1,1,1,"{""user"": ""benign26"", ""password"": {""$ne"": ""benignpassword""}}",59,"{: , : {$ne: benign}}",21,0
199,1712243230.436,87.0,151184,"{'user': {'$in': ['guest', 'user', 'Superuser', 'test']}, 'password': 'password123'}",0,0,1,0,0,0,0,0,0,0,0,1,0,0,0,0,1,1,1,1,1,1,1,1,1,1,1,1,1,"{""user"": {""$in"": [""guest"", ""user"", ""Superuser"", ""test""]}, ""password"": ""password123""}",84,"{: {$in: [, , Super, ]}, : 123}",31,0
200,1712243230.437,156.0,249318,"{'user': {'$elemMatch': {'$eq': 'user'}}, 'password': {'$ne': 'test'}}",1,0,0,1,0,0,0,0,0,1,0,1,0,0,0,0,1,1,1,1,1,1,1,1,1,1,1,1,1,"{""user"": {""$elemMatch"": {""$eq"": ""user""}}, ""password"": {""$ne"": ""test""}}",70,"{: {$elemMatch: {$eq: }}, : {$ne: }}",36,1
201,1712243230.438,106.0,181360,"{'user': {'$elemMatch': {'$eq': 'guest'}}, 'password': {'$ne': 'guest'}}",1,0,0,1,0,0,0,0,0,1,0,1,0,0,0,0,1,1,1,1,1,1,1,1,1,1,1,1,1,"{""user"": {""$elemMatch"": {""$eq"": ""guest""}}, ""password"": {""$ne"": ""guest""}}",72,"{: {$elemMatch: {$eq: }}, : {$ne: }}",36,1
202,1712243230.439,69.0,118923,"{'user': {'$elemMatch': {'$eq': 'admin'}}, 'password': {'$ne': 'admin'}}",1,0,0,1,0,0,0,0,0,1,0,1,0,0,0,0,1,1,1,1,1,1,1,1,1,1,1,1,1,"{""user"": {""$elemMatch"": {""$eq"": ""admin""}}, ""password"": {""$ne"": ""admin""}}",72,"{: {$elemMatch: {$eq: }}, : {$ne: }}",36,1
203,1712243230.44,51.0,84378,"{'user': {'$in': ['admin', 'root', 'hacker', 'test', 'guest']}, 'password': 'password'}",0,0,1,0,0,0,0,0,0,0,0,1,0,0,0,0,1,1,1,1,1,1,1,1,1,1,1,1,1,"{""user"": {""$in"": [""admin"", ""root"", ""hacker"", ""test"", ""guest""]}, ""password"": ""password""}",87,"{: {$in: [, , , , ]}, : }",25,1
204,1712243230.44,42.0,72756,"{'user': {'$in': ['user', 'admin', 'guest', 'test', 'hacker']}, 'password': 'password'}",0,0,1,0,0,0,0,0,0,0,0,1,0,0,0,0,1,1,1,1,1,1,1,1,1,1,1,1,1,"{""user"": {""$in"": [""user"", ""admin"", ""guest"", ""test"", ""hacker""]}, ""password"": ""password""}",87,"{: {$in: [, , , , ]}, : }",25,1
205,1712243230.441,40.0,70692,"{'user': {'$in': ['guest', 'test', 'user', 'admin', 'hacker']}, 'password': 'password'}",0,0,1,0,0,0,0,0,0,0,0,1,0,0,0,0,1,1,1,1,1,1,1,1,1,1,1,1,1,"{""user"": {""$in"": [""guest"", ""test"", ""user"", ""admin"", ""hacker""]}, ""password"": ""password""}",87,"{: {$in: [, , , , ]}, : }",25,1
206,1712243230.442,116.0,181841,"{'user': {'$size': 8}, 'password': '123456'}",0,0,0,0,0,0,0,0,0,0,1,1,0,0,0,0,1,1,1,1,1,1,1,1,1,1,1,1,1,"{""user"": {""$size"": 8}, ""password"": ""123456""}",44,"{: {$size: }, : }",17,1
207,1712243230.443,73.0,128822,"{'user': {'$size': 10}, 'password': '12345678'}",0,0,0,0,0,0,0,0,0,0,1,1,0,0,0,0,1,1,1,1,1,1,1,1,1,1,1,1,1,"{""user"": {""$size"": 10}, ""password"": ""12345678""}",47,"{: {$size: }, : }",17,1
208,1712243230.446,116.0,179958,"{'user': {'$gt': 'admin'}, 'password': 'maliciouspassword'}",0,1,0,0,0,0,0,0,0,0,0,1,0,0,0,0,1,1,1,1,1,1,1,1,1,1,1,1,1,"{""user"": {""$gt"": ""admin""}, ""password"": ""maliciouspassword""}",59,"{: {$gt: }, : malicious}",24,1
209,1712243230.446,116.0,179958,"{'user': {'$gt': 'admin'}, 'password': 'maliciouspassword'}",0,1,0,0,0,0,0,0,0,0,0,1,0,0,0,0,1,1,1,1,1,1,1,1,1,1,1,1,1,"{""user"": {""$gt"": ""admin""}, ""password"": ""maliciouspassword""}",59,"{: {$gt: }, : malicious}",24,1
210,1712243230.446,57.0,88637,"{'user': {'$gt': 'user'}, 'password': 'maliciouspassword'}",0,1,0,0,0,0,0,0,0,0,0,1,0,0,0,0,1,1,1,1,1,1,1,1,1,1,1,1,1,"{""user"": {""$gt"": ""user""}, ""password"": ""maliciouspassword""}",58,"{: {$gt: }, : malicious}",24,1
211,1712243230.447,64.0,112591,"{'user': 'malicious34', 'password': {'$ne': 'maliciouspassword'}}",0,0,0,1,0,0,0,0,0,0,0,1,0,0,0,0,1,1,1,1,1,1,1,1,1,1,1,1,1,"{""user"": ""malicious34"", ""password"": {""$ne"": ""maliciouspassword""}}",65,"{: , : {$ne: malicious}}",24,1
212,1712243230.447,52.0,85611,"{'user': 'malicious35', 'password': {'$ne': 'maliciouspassword'}}",0,0,0,1,0,0,0,0,0,0,0,1,0,0,0,0,1,1,1,1,1,1,1,1,1,1,1,1,1,"{""user"": ""malicious35"", ""password"": {""$ne"": ""maliciouspassword""}}",65,"{: , : {$ne: malicious}}",24,1
213,1712243230.448,49.0,82515,"{'user': {'$in': ['admin', 'root', 'malicious36', 'hacker', 'test', 'guest']}, 'password': 'password123'}",0,0,1,0,0,0,0,0,0,0,0,1,0,0,0,0,1,1,1,1,1,1,1,1,1,1,1,1,1,"{""user"": {""$in"": [""admin"", ""root"", ""malicious36"", ""hacker"", ""test"", ""guest""]}, ""password"": ""password123""}",105,"{: {$in: [, , , , , ]}, : 123}",30,1
214,1712243230.448,46.0,78217,"{'user': {'$in': ['user', 'admin', 'guest', 'test', 'hacker', 'malicious37']}, 'password': 'admin123'}",0,0,1,0,0,0,0,0,0,0,0,1,0,0,0,0,1,1,1,1,1,1,1,1,1,1,1,1,1,"{""user"": {""$in"": [""user"", ""admin"", ""guest"", ""test"", ""hacker"", ""malicious37""]}, ""password"": ""admin123""}",102,"{: {$in: [, , , , , ]}, : 123}",30,1
215,1712243230.449,44.0,73809,"{'user': {'$size': 11}, 'password': 'benignpassword'}",0,0,0,0,0,0,0,0,0,0,1,1,0,0,0,0,1,1,1,1,1,1,1,1,1,1,1,1,1,"{""user"": {""$size"": 11}, ""password"": ""benignpassword""}",53,"{: {$size: }, : benign}",23,0
216,1712243230.449,43.0,72386,"{'user': {'$size': 12}, 'password': 'benignpassword'}",0,0,0,0,0,0,0,0,0,0,1,1,0,0,0,0,1,1,1,1,1,1,1,1,1,1,1,1,1,"{""user"": {""$size"": 12}, ""password"": ""benignpassword""}",53,"{: {$size: }, : benign}",23,0
217,1712243230.45,39.0,69190,"{'user': {'$gt': 'user'}, 'password': 'benignpassword'}",0,1,0,0,0,0,0,0,0,0,0,1,0,0,0,0,1,1,1,1,1,1,1,1,1,1,1,1,1,"{""user"": {""$gt"": ""user""}, ""password"": ""benignpassword""}",55,"{: {$gt: }, : benign}",21,0
218,1712243230.45,39.0,69190,"{'user': {'$gt': 'user'}, 'password': 'benignpassword'}",0,1,0,0,0,0,0,0,0,0,0,1,0,0,0,0,1,1,1,1,1,1,1,1,1,1,1,1,1,"{""user"": {""$gt"": ""user""}, ""password"": ""benignpassword""}",55,"{: {$gt: }, : benign}",21,0
219,1712243230.45,45.0,76183,"{'user': {'$gt': 'guest'}, 'password': 'benignpassword'}",0,1,0,0,0,0,0,0,0,0,0,1,0,0,0,0,1,1,1,1,1,1,1,1,1,1,1,1,1,"{""user"": {""$gt"": ""guest""}, ""password"": ""benignpassword""}",56,"{: {$gt: }, : benign}",21,0
220,1712243230.451,60.0,103074,"{'user': 'benign34', 'password': {'$ne': 'benignpassword'}}",0,0,0,1,0,0,0,0,0,0,0,1,0,0,0,0,1,1,1,1,1,1,1,1,1,1,1,1,1,"{""user"": ""benign34"", ""password"": {""$ne"": ""benignpassword""}}",59,"{: , : {$ne: benign}}",21,0
221,1712243230.452,55.0,93816,"{'user': 'benign35', 'password': {'$ne': 'benignpassword'}}",0,0,0,1,0,0,0,0,0,0,0,1,0,0,0,0,1,1,1,1,1,1,1,1,1,1,1,1,1,"{""user"": ""benign35"", ""password"": {""$ne"": ""benignpassword""}}",59,"{: , : {$ne: benign}}",21,0
222,1712243230.452,52.0,84759,"{'user': {'$in': ['admin', 'root', 'benign36', 'hacker', 'test', 'guest']}, 'password': 'benignpassword'}",0,0,1,0,0,0,0,0,0,0,0,1,0,0,0,0,1,1,1,1,1,1,1,1,1,1,1,1,1,"{""user"": {""$in"": [""admin"", ""root"", ""benign36"", ""hacker"", ""test"", ""guest""]}, ""password"": ""benignpassword""}",105,"{: {$in: [, , , , , ]}, : benign}",33,0
223,1712243230.453,57.0,93516,"{'user': {'$in': ['user', 'admin', 'guest', 'test', 'hacker', 'Admin123']}, 'password': 'benignpassword'}",0,0,1,0,0,0,0,0,0,0,0,1,0,0,0,0,1,1,1,1,1,1,1,1,1,1,1,1,1,"{""user"": {""$in"": [""user"", ""admin"", ""guest"", ""test"", ""hacker"", ""Admin123""]}, ""password"": ""benignpassword""}",105,"{: {$in: [, , , , , ]}, : benign}",33,0
