,t,ns,planSummary,planningTimeMicros,cursorExhausted,queryFramework,reslen,locks,cpuNanos,durationMillis,find,filter,lsid,$not,$or,$eq,$gt,$in,$ne,$nin,$type,$mod,$regex,$where,$elemMatch,$size,$,>=,==,<=,<,>,===,&&,selector_comparision,selector_logical,selector_element,selector_evalutaion,selector_array,selector_bitwise,projection,misc,selector,standard_logical,all_operators
0,1712243230.296,test_database.test_collection,EOF,83.0,True,classic,118,"{'FeatureCompatibilityVersion': {'acquireCount': {'r': 1}}, 'Global': {'acquireCount': {'r': 1}}}",176371,0,test_collection,"{'user': '{}', 'password': '{}'}",{'id': {'$uuid': 'e5e23d7e-5367-4829-a104-ca369c49d4dc'}},0,0,0,0,0,0,0,0,0,0,0,0,0,0,0,0,0,0,0,0,0,1,1,1,1,1,1,1,1,1,1,1
1,1712243230.297,test_database.test_collection,EOF,71.0,True,classic,118,"{'FeatureCompatibilityVersion': {'acquireCount': {'r': 1}}, 'Global': {'acquireCount': {'r': 1}}}",112781,0,test_collection,{'username': {'$regex': '^{}'}},{'id': {'$uuid': 'e5e23d7e-5367-4829-a104-ca369c49d4dc'}},0,0,0,0,0,0,0,0,0,1,0,0,0,1,0,0,0,0,0,0,0,1,1,1,1,1,1,1,1,1,1,1
2,1712243230.297,test_database.test_collection,EOF,42.0,True,classic,118,"{'FeatureCompatibilityVersion': {'acquireCount': {'r': 1}}, 'Global': {'acquireCount': {'r': 1}}}",71093,0,test_collection,{'username': {'$ne': '{}'}},{'id': {'$uuid': 'e5e23d7e-5367-4829-a104-ca369c49d4dc'}},0,0,0,0,0,1,0,0,0,0,0,0,0,1,0,0,0,0,0,0,0,1,1,1,1,1,1,1,1,1,1,1
3,1712243230.298,test_database.test_collection,EOF,46.0,True,classic,118,"{'FeatureCompatibilityVersion': {'acquireCount': {'r': 1}}, 'Global': {'acquireCount': {'r': 1}}}",81173,0,test_collection,{'username': {'$gt': '{}'}},{'id': {'$uuid': 'e5e23d7e-5367-4829-a104-ca369c49d4dc'}},0,0,0,1,0,0,0,0,0,0,0,0,0,1,0,0,0,0,0,0,0,1,1,1,1,1,1,1,1,1,1,1
4,1712243230.298,test_database.test_collection,EOF,83.0,True,classic,118,"{'FeatureCompatibilityVersion': {'acquireCount': {'r': 1}}, 'Global': {'acquireCount': {'r': 1}}}",141175,0,test_collection,"{'user': 'hacker', 'password': {'$ne': ''}}",{'id': {'$uuid': 'e5e23d7e-5367-4829-a104-ca369c49d4dc'}},0,0,0,0,0,1,0,0,0,0,0,0,0,1,0,0,0,0,0,0,0,1,1,1,1,1,1,1,1,1,1,1
5,1712243230.299,test_database.test_collection,EOF,45.0,True,classic,118,"{'FeatureCompatibilityVersion': {'acquireCount': {'r': 1}}, 'Global': {'acquireCount': {'r': 1}}}",82224,0,test_collection,"{'user': 'hacker', 'password': {'&ne': ''}}",{'id': {'$uuid': 'e5e23d7e-5367-4829-a104-ca369c49d4dc'}},0,0,0,0,0,0,0,0,0,0,0,0,0,0,0,0,0,0,0,0,0,1,1,1,1,1,1,1,1,1,1,1
6,1712243230.3,test_database.test_collection,EOF,52.0,True,classic,118,"{'FeatureCompatibilityVersion': {'acquireCount': {'r': 1}}, 'Global': {'acquireCount': {'r': 1}}}",87213,0,test_collection,"{'username': {'$eq': 'admin'}, 'password': {'$regex': '^md'}}",{'id': {'$uuid': 'e5e23d7e-5367-4829-a104-ca369c49d4dc'}},0,0,1,0,0,0,0,0,0,1,0,0,0,1,0,0,0,0,0,0,0,1,1,1,1,1,1,1,1,1,1,1
7,1712243230.3,test_database.test_collection,EOF,39.0,True,classic,118,"{'FeatureCompatibilityVersion': {'acquireCount': {'r': 1}}, 'Global': {'acquireCount': {'r': 1}}}",69119,0,test_collection,"{'type': 'user', 'name': 'oops', 'roles': [], 'password': 'apple'}",{'id': {'$uuid': 'e5e23d7e-5367-4829-a104-ca369c49d4dc'}},0,0,0,0,0,0,0,0,0,0,0,0,0,0,0,0,0,0,0,0,0,1,1,1,1,1,1,1,1,1,1,1
8,1712243230.302,test_database.test_collection,EOF,76.0,True,classic,118,"{'FeatureCompatibilityVersion': {'acquireCount': {'r': 1}}, 'Global': {'acquireCount': {'r': 1}}}",199065,0,test_collection,"{'$where': ""this.username === '{}'""}",{'id': {'$uuid': 'e5e23d7e-5367-4829-a104-ca369c49d4dc'}},0,0,0,0,0,0,0,0,0,0,1,0,0,1,0,1,0,0,0,1,0,1,1,1,1,1,1,1,1,1,1,1
9,1712243230.303,test_database.test_collection,EOF,61.0,True,classic,118,"{'FeatureCompatibilityVersion': {'acquireCount': {'r': 1}}, 'Global': {'acquireCount': {'r': 1}}}",110357,0,test_collection,"{'user': 'alice', 'password': '123456'}",{'id': {'$uuid': 'e5e23d7e-5367-4829-a104-ca369c49d4dc'}},0,0,0,0,0,0,0,0,0,0,0,0,0,0,0,0,0,0,0,0,0,1,1,1,1,1,1,1,1,1,1,1
10,1712243230.304,test_database.test_collection,EOF,128.0,True,classic,118,"{'FeatureCompatibilityVersion': {'acquireCount': {'r': 1}}, 'Global': {'acquireCount': {'r': 1}}}",177794,0,test_collection,{'username': {'$regex': '^test'}},{'id': {'$uuid': 'e5e23d7e-5367-4829-a104-ca369c49d4dc'}},0,0,0,0,0,0,0,0,0,1,0,0,0,1,0,0,0,0,0,0,0,1,1,1,1,1,1,1,1,1,1,1
11,1712243230.304,test_database.test_collection,EOF,41.0,True,classic,118,"{'FeatureCompatibilityVersion': {'acquireCount': {'r': 1}}, 'Global': {'acquireCount': {'r': 1}}}",69260,0,test_collection,{'username': {'$ne': 'testuser'}},{'id': {'$uuid': 'e5e23d7e-5367-4829-a104-ca369c49d4dc'}},0,0,0,0,0,1,0,0,0,0,0,0,0,1,0,0,0,0,0,0,0,1,1,1,1,1,1,1,1,1,1,1
12,1712243230.305,test_database.test_collection,EOF,30.0,True,classic,118,"{'FeatureCompatibilityVersion': {'acquireCount': {'r': 1}}, 'Global': {'acquireCount': {'r': 1}}}",54802,0,test_collection,{'username': {'$gt': 'guest'}},{'id': {'$uuid': 'e5e23d7e-5367-4829-a104-ca369c49d4dc'}},0,0,0,1,0,0,0,0,0,0,0,0,0,1,0,0,0,0,0,0,0,1,1,1,1,1,1,1,1,1,1,1
13,1712243230.305,test_database.test_collection,EOF,28.0,True,classic,118,"{'FeatureCompatibilityVersion': {'acquireCount': {'r': 1}}, 'Global': {'acquireCount': {'r': 1}}}",52048,0,test_collection,"{'user': 'john', 'password': 'qwerty'}",{'id': {'$uuid': 'e5e23d7e-5367-4829-a104-ca369c49d4dc'}},0,0,0,0,0,0,0,0,0,0,0,0,0,0,0,0,0,0,0,0,0,1,1,1,1,1,1,1,1,1,1,1
14,1712243230.306,test_database.test_collection,EOF,62.0,True,classic,118,"{'FeatureCompatibilityVersion': {'acquireCount': {'r': 1}}, 'Global': {'acquireCount': {'r': 1}}}",99076,0,test_collection,{'category': 'electronics'},{'id': {'$uuid': 'e5e23d7e-5367-4829-a104-ca369c49d4dc'}},0,0,0,0,0,0,0,0,0,0,0,0,0,0,0,0,0,0,0,0,0,1,1,1,1,1,1,1,1,1,1,1
15,1712243230.307,test_database.test_collection,EOF,47.0,True,classic,118,"{'FeatureCompatibilityVersion': {'acquireCount': {'r': 1}}, 'Global': {'acquireCount': {'r': 1}}}",81032,0,test_collection,"{'category': 'electronics', 'price': {'$gt': 200}}",{'id': {'$uuid': 'e5e23d7e-5367-4829-a104-ca369c49d4dc'}},0,0,0,1,0,0,0,0,0,0,0,0,0,1,0,0,0,0,0,0,0,1,1,1,1,1,1,1,1,1,1,1
16,1712243230.307,test_database.test_collection,EOF,53.0,True,classic,118,"{'FeatureCompatibilityVersion': {'acquireCount': {'r': 1}}, 'Global': {'acquireCount': {'r': 1}}}",82175,0,test_collection,"{'category': 'electronics', 'price': {'$gt': 200}, 'name': {'$regex': '^S'}}",{'id': {'$uuid': 'e5e23d7e-5367-4829-a104-ca369c49d4dc'}},0,0,0,1,0,0,0,0,0,1,0,0,0,1,0,0,0,0,0,0,0,1,1,1,1,1,1,1,1,1,1,1
17,1712243230.308,test_database.test_collection,EOF,29.0,True,classic,118,"{'FeatureCompatibilityVersion': {'acquireCount': {'r': 1}}, 'Global': {'acquireCount': {'r': 1}}}",56856,0,test_collection,{},{'id': {'$uuid': 'e5e23d7e-5367-4829-a104-ca369c49d4dc'}},0,0,0,0,0,0,0,0,0,0,0,0,0,0,0,0,0,0,0,0,0,0,0,0,0,0,0,0,0,0,0,0
18,1712243230.308,test_database.test_collection,EOF,30.0,True,classic,118,"{'FeatureCompatibilityVersion': {'acquireCount': {'r': 1}}, 'Global': {'acquireCount': {'r': 1}}}",58370,0,test_collection,{'selector': {'department': 'engineering'}},{'id': {'$uuid': 'e5e23d7e-5367-4829-a104-ca369c49d4dc'}},0,0,0,0,0,0,0,0,0,0,0,0,0,0,0,0,0,0,0,0,0,1,1,1,1,1,1,1,1,1,1,1
19,1712243230.309,test_database.test_collection,EOF,48.0,True,classic,118,"{'FeatureCompatibilityVersion': {'acquireCount': {'r': 1}}, 'Global': {'acquireCount': {'r': 1}}}",84749,0,test_collection,"{'_id': '001', 'name': 'John Doe', 'department': 'HR', 'salary': 50000}",{'id': {'$uuid': 'e5e23d7e-5367-4829-a104-ca369c49d4dc'}},0,0,0,0,0,0,0,0,0,0,0,0,0,0,0,0,0,0,0,0,0,1,1,1,1,1,1,1,1,1,1,1
20,1712243230.309,test_database.test_collection,EOF,57.0,True,classic,118,"{'FeatureCompatibilityVersion': {'acquireCount': {'r': 1}}, 'Global': {'acquireCount': {'r': 1}}}",72075,0,test_collection,"{'user': '{}', 'password': '{}'}",{'id': {'$uuid': 'e5e23d7e-5367-4829-a104-ca369c49d4dc'}},0,0,0,0,0,0,0,0,0,0,0,0,0,0,0,0,0,0,0,0,0,1,1,1,1,1,1,1,1,1,1,1
21,1712243230.309,test_database.test_collection,EOF,46.0,True,classic,118,"{'FeatureCompatibilityVersion': {'acquireCount': {'r': 1}}, 'Global': {'acquireCount': {'r': 1}}}",75302,0,test_collection,{'username': {'$regex': '^{}'}},{'id': {'$uuid': 'e5e23d7e-5367-4829-a104-ca369c49d4dc'}},0,0,0,0,0,0,0,0,0,1,0,0,0,1,0,0,0,0,0,0,0,1,1,1,1,1,1,1,1,1,1,1
22,1712243230.31,test_database.test_collection,EOF,27.0,True,classic,118,"{'FeatureCompatibilityVersion': {'acquireCount': {'r': 1}}, 'Global': {'acquireCount': {'r': 1}}}",49784,0,test_collection,{'username': {'$ne': '{}'}},{'id': {'$uuid': 'e5e23d7e-5367-4829-a104-ca369c49d4dc'}},0,0,0,0,0,1,0,0,0,0,0,0,0,1,0,0,0,0,0,0,0,1,1,1,1,1,1,1,1,1,1,1
23,1712243230.31,test_database.test_collection,EOF,29.0,True,classic,118,"{'FeatureCompatibilityVersion': {'acquireCount': {'r': 1}}, 'Global': {'acquireCount': {'r': 1}}}",53761,0,test_collection,{'username': {'$gt': '{}'}},{'id': {'$uuid': 'e5e23d7e-5367-4829-a104-ca369c49d4dc'}},0,0,0,1,0,0,0,0,0,0,0,0,0,1,0,0,0,0,0,0,0,1,1,1,1,1,1,1,1,1,1,1
24,1712243230.311,test_database.test_collection,EOF,33.0,True,classic,118,"{'FeatureCompatibilityVersion': {'acquireCount': {'r': 1}}, 'Global': {'acquireCount': {'r': 1}}}",58951,0,test_collection,"{'user': 'hacker', 'password': {'$ne': ''}}",{'id': {'$uuid': 'e5e23d7e-5367-4829-a104-ca369c49d4dc'}},0,0,0,0,0,1,0,0,0,0,0,0,0,1,0,0,0,0,0,0,0,1,1,1,1,1,1,1,1,1,1,1
25,1712243230.311,test_database.test_collection,EOF,56.0,True,classic,118,"{'FeatureCompatibilityVersion': {'acquireCount': {'r': 1}}, 'Global': {'acquireCount': {'r': 1}}}",87554,0,test_collection,"{'user': 'hacker', 'password': {'&ne': ''}}",{'id': {'$uuid': 'e5e23d7e-5367-4829-a104-ca369c49d4dc'}},0,0,0,0,0,0,0,0,0,0,0,0,0,0,0,0,0,0,0,0,0,1,1,1,1,1,1,1,1,1,1,1
26,1712243230.312,test_database.test_collection,EOF,89.0,True,classic,118,"{'FeatureCompatibilityVersion': {'acquireCount': {'r': 1}}, 'Global': {'acquireCount': {'r': 1}}}",149471,0,test_collection,"{'username': {'$eq': 'admin'}, 'password': {'$regex': '^md'}}",{'id': {'$uuid': 'e5e23d7e-5367-4829-a104-ca369c49d4dc'}},0,0,1,0,0,0,0,0,0,1,0,0,0,1,0,0,0,0,0,0,0,1,1,1,1,1,1,1,1,1,1,1
27,1712243230.313,test_database.test_collection,EOF,138.0,True,classic,118,"{'FeatureCompatibilityVersion': {'acquireCount': {'r': 1}}, 'Global': {'acquireCount': {'r': 1}}}",221546,0,test_collection,"{'type': 'user', 'name': 'oops', 'roles': [], 'password': 'apple'}",{'id': {'$uuid': 'e5e23d7e-5367-4829-a104-ca369c49d4dc'}},0,0,0,0,0,0,0,0,0,0,0,0,0,0,0,0,0,0,0,0,0,1,1,1,1,1,1,1,1,1,1,1
28,1712243230.325,test_database.system.js,EOF,36.0,True,classic,112,"{'FeatureCompatibilityVersion': {'acquireCount': {'r': 1}}, 'Global': {'acquireCount': {'r': 1}}}",75041,0,system.js,None,None,0,0,0,0,0,0,0,0,0,0,0,0,0,0,0,0,0,0,0,0,0,1,1,1,1,1,1,1,0,1,1,1
29,1712243230.325,test_database.test_collection,EOF,11066.0,True,classic,118,"{'FeatureCompatibilityVersion': {'acquireCount': {'r': 3}}, 'Global': {'acquireCount': {'r': 3}}}",534003,11,test_collection,"{'$where': ""this.username === '{}'""}",{'id': {'$uuid': 'e5e23d7e-5367-4829-a104-ca369c49d4dc'}},0,0,0,0,0,0,0,0,0,0,1,0,0,1,0,1,0,0,0,1,0,1,1,1,1,1,1,1,1,1,1,1
30,1712243230.326,test_database.test_collection,EOF,51.0,True,classic,118,"{'FeatureCompatibilityVersion': {'acquireCount': {'r': 1}}, 'Global': {'acquireCount': {'r': 1}}}",86723,0,test_collection,"{'user': 'alice', 'password': '123456'}",{'id': {'$uuid': 'e5e23d7e-5367-4829-a104-ca369c49d4dc'}},0,0,0,0,0,0,0,0,0,0,0,0,0,0,0,0,0,0,0,0,0,1,1,1,1,1,1,1,1,1,1,1
31,1712243230.326,test_database.test_collection,EOF,52.0,True,classic,118,"{'FeatureCompatibilityVersion': {'acquireCount': {'r': 1}}, 'Global': {'acquireCount': {'r': 1}}}",81804,0,test_collection,{'username': {'$regex': '^test'}},{'id': {'$uuid': 'e5e23d7e-5367-4829-a104-ca369c49d4dc'}},0,0,0,0,0,0,0,0,0,1,0,0,0,1,0,0,0,0,0,0,0,1,1,1,1,1,1,1,1,1,1,1
32,1712243230.327,test_database.test_collection,EOF,34.0,True,classic,118,"{'FeatureCompatibilityVersion': {'acquireCount': {'r': 1}}, 'Global': {'acquireCount': {'r': 1}}}",61846,0,test_collection,{'username': {'$ne': 'testuser'}},{'id': {'$uuid': 'e5e23d7e-5367-4829-a104-ca369c49d4dc'}},0,0,0,0,0,1,0,0,0,0,0,0,0,1,0,0,0,0,0,0,0,1,1,1,1,1,1,1,1,1,1,1
33,1712243230.328,test_database.test_collection,EOF,65.0,True,classic,118,"{'FeatureCompatibilityVersion': {'acquireCount': {'r': 1}}, 'Global': {'acquireCount': {'r': 1}}}",124744,0,test_collection,{'username': {'$gt': 'guest'}},{'id': {'$uuid': 'e5e23d7e-5367-4829-a104-ca369c49d4dc'}},0,0,0,1,0,0,0,0,0,0,0,0,0,1,0,0,0,0,0,0,0,1,1,1,1,1,1,1,1,1,1,1
34,1712243230.328,test_database.test_collection,EOF,63.0,True,classic,118,"{'FeatureCompatibilityVersion': {'acquireCount': {'r': 1}}, 'Global': {'acquireCount': {'r': 1}}}",112030,0,test_collection,"{'user': 'john', 'password': 'qwerty'}",{'id': {'$uuid': 'e5e23d7e-5367-4829-a104-ca369c49d4dc'}},0,0,0,0,0,0,0,0,0,0,0,0,0,0,0,0,0,0,0,0,0,1,1,1,1,1,1,1,1,1,1,1
35,1712243230.329,test_database.users,EOF,66.0,True,classic,108,"{'FeatureCompatibilityVersion': {'acquireCount': {'r': 2}}, 'Global': {'acquireCount': {'r': 2}}}",256342,0,None,None,{'id': {'$uuid': 'e5e23d7e-5367-4829-a104-ca369c49d4dc'}},0,0,0,0,0,0,0,0,0,0,0,0,0,0,0,0,0,0,0,0,0,1,1,1,1,1,1,1,0,1,1,1
36,1712243230.332,test_database.test_collection,EOF,69.0,True,classic,118,"{'FeatureCompatibilityVersion': {'acquireCount': {'r': 1}}, 'Global': {'acquireCount': {'r': 1}}}",138730,0,test_collection,{},{'id': {'$uuid': 'e5e23d7e-5367-4829-a104-ca369c49d4dc'}},0,0,0,0,0,0,0,0,0,0,0,0,0,0,0,0,0,0,0,0,0,0,0,0,0,0,0,0,0,0,0,0
37,1712243230.334,test_database.test_collection,EOF,56.0,True,classic,118,"{'FeatureCompatibilityVersion': {'acquireCount': {'r': 1}}, 'Global': {'acquireCount': {'r': 1}}}",102092,0,test_collection,{'category': 'electronics'},{'id': {'$uuid': 'e5e23d7e-5367-4829-a104-ca369c49d4dc'}},0,0,0,0,0,0,0,0,0,0,0,0,0,0,0,0,0,0,0,0,0,1,1,1,1,1,1,1,1,1,1,1
38,1712243230.334,test_database.test_collection,EOF,39.0,True,classic,118,"{'FeatureCompatibilityVersion': {'acquireCount': {'r': 1}}, 'Global': {'acquireCount': {'r': 1}}}",68528,0,test_collection,"{'category': 'electronics', 'price': {'$gt': 200}}",{'id': {'$uuid': 'e5e23d7e-5367-4829-a104-ca369c49d4dc'}},0,0,0,1,0,0,0,0,0,0,0,0,0,1,0,0,0,0,0,0,0,1,1,1,1,1,1,1,1,1,1,1
39,1712243230.334,test_database.test_collection,EOF,47.0,True,classic,118,"{'FeatureCompatibilityVersion': {'acquireCount': {'r': 1}}, 'Global': {'acquireCount': {'r': 1}}}",77105,0,test_collection,"{'category': 'electronics', 'price': {'$gt': 200}, 'name': {'$regex': '^S'}}",{'id': {'$uuid': 'e5e23d7e-5367-4829-a104-ca369c49d4dc'}},0,0,0,1,0,0,0,0,0,1,0,0,0,1,0,0,0,0,0,0,0,1,1,1,1,1,1,1,1,1,1,1
40,1712243230.335,test_database.test_collection,EOF,28.0,True,classic,118,"{'FeatureCompatibilityVersion': {'acquireCount': {'r': 1}}, 'Global': {'acquireCount': {'r': 1}}}",53110,0,test_collection,{},{'id': {'$uuid': 'e5e23d7e-5367-4829-a104-ca369c49d4dc'}},0,0,0,0,0,0,0,0,0,0,0,0,0,0,0,0,0,0,0,0,0,0,0,0,0,0,0,0,0,0,0,0
41,1712243230.335,test_database.test_collection,EOF,34.0,True,classic,118,"{'FeatureCompatibilityVersion': {'acquireCount': {'r': 1}}, 'Global': {'acquireCount': {'r': 1}}}",61917,0,test_collection,{'selector': {'department': 'engineering'}},{'id': {'$uuid': 'e5e23d7e-5367-4829-a104-ca369c49d4dc'}},0,0,0,0,0,0,0,0,0,0,0,0,0,0,0,0,0,0,0,0,0,1,1,1,1,1,1,1,1,1,1,1
42,1712243230.336,test_database.test_collection,EOF,53.0,True,classic,118,"{'FeatureCompatibilityVersion': {'acquireCount': {'r': 1}}, 'Global': {'acquireCount': {'r': 1}}}",87333,0,test_collection,"{'_id': '001', 'name': 'John Doe', 'department': 'HR', 'salary': 50000}",{'id': {'$uuid': 'e5e23d7e-5367-4829-a104-ca369c49d4dc'}},0,0,0,0,0,0,0,0,0,0,0,0,0,0,0,0,0,0,0,0,0,1,1,1,1,1,1,1,1,1,1,1
43,1712243230.337,test_database.test_collection,EOF,65.0,True,classic,118,"{'FeatureCompatibilityVersion': {'acquireCount': {'r': 1}}, 'Global': {'acquireCount': {'r': 1}}}",108224,0,test_collection,"{'user': '{}', 'password': 'pass'}",{'id': {'$uuid': 'e5e23d7e-5367-4829-a104-ca369c49d4dc'}},0,0,0,0,0,0,0,0,0,0,0,0,0,0,0,0,0,0,0,0,0,1,1,1,1,1,1,1,1,1,1,1
44,1712243230.337,test_database.test_collection,EOF,60.0,True,classic,118,"{'FeatureCompatibilityVersion': {'acquireCount': {'r': 1}}, 'Global': {'acquireCount': {'r': 1}}}",87374,0,test_collection,"{'user': 'user', 'password': '{}'}",{'id': {'$uuid': 'e5e23d7e-5367-4829-a104-ca369c49d4dc'}},0,0,0,0,0,0,0,0,0,0,0,0,0,0,0,0,0,0,0,0,0,1,1,1,1,1,1,1,1,1,1,1
45,1712243230.338,test_database.test_collection,EOF,63.0,True,classic,118,"{'FeatureCompatibilityVersion': {'acquireCount': {'r': 1}}, 'Global': {'acquireCount': {'r': 1}}}",114716,0,test_collection,"{'user': 'admin', 'password': 'admin'}",{'id': {'$uuid': 'e5e23d7e-5367-4829-a104-ca369c49d4dc'}},0,0,0,0,0,0,0,0,0,0,0,0,0,0,0,0,0,0,0,0,0,1,1,1,1,1,1,1,1,1,1,1
46,1712243230.338,test_database.test_collection,EOF,59.0,True,classic,118,"{'FeatureCompatibilityVersion': {'acquireCount': {'r': 1}}, 'Global': {'acquireCount': {'r': 1}}}",102582,0,test_collection,"{'user': 'testuser', 'password': 'testuser'}",{'id': {'$uuid': 'e5e23d7e-5367-4829-a104-ca369c49d4dc'}},0,0,0,0,0,0,0,0,0,0,0,0,0,0,0,0,0,0,0,0,0,1,1,1,1,1,1,1,1,1,1,1
47,1712243230.339,test_database.test_collection,EOF,36.0,True,classic,118,"{'FeatureCompatibilityVersion': {'acquireCount': {'r': 1}}, 'Global': {'acquireCount': {'r': 1}}}",64161,0,test_collection,"{'user': '$username', 'password': '$password'}",{'id': {'$uuid': 'e5e23d7e-5367-4829-a104-ca369c49d4dc'}},0,0,0,0,0,0,0,0,0,0,0,0,0,1,0,0,0,0,0,0,0,1,1,1,1,1,1,1,1,1,1,1
48,1712243230.339,test_database.test_collection,EOF,56.0,True,classic,118,"{'FeatureCompatibilityVersion': {'acquireCount': {'r': 1}}, 'Global': {'acquireCount': {'r': 1}}}",103243,0,test_collection,"{'id': {}, 'value': 1}",{'id': {'$uuid': 'e5e23d7e-5367-4829-a104-ca369c49d4dc'}},0,0,0,0,0,0,0,0,0,0,0,0,0,0,0,0,0,0,0,0,0,1,1,1,1,1,1,1,1,1,1,1
49,1712243230.34,test_database.test_collection,EOF,67.0,True,classic,118,"{'FeatureCompatibilityVersion': {'acquireCount': {'r': 1}}, 'Global': {'acquireCount': {'r': 1}}}",118492,0,test_collection,"{'name': 'John', 'age': {}}",{'id': {'$uuid': 'e5e23d7e-5367-4829-a104-ca369c49d4dc'}},0,0,0,0,0,0,0,0,0,0,0,0,0,0,0,0,0,0,0,0,0,1,1,1,1,1,1,1,1,1,1,1
50,1712243230.341,test_database.test_collection,EOF,289.0,True,classic,118,"{'FeatureCompatibilityVersion': {'acquireCount': {'r': 1}}, 'Global': {'acquireCount': {'r': 1}}}",129493,0,test_collection,{'$where': 'this.age >= {}'},{'id': {'$uuid': 'e5e23d7e-5367-4829-a104-ca369c49d4dc'}},0,0,0,0,0,0,0,0,0,0,1,0,0,1,1,0,0,0,1,0,0,1,1,1,1,1,1,1,1,1,1,1
51,1712243230.341,test_database.test_collection,EOF,54.0,True,classic,118,"{'FeatureCompatibilityVersion': {'acquireCount': {'r': 1}}, 'Global': {'acquireCount': {'r': 1}}}",100148,0,test_collection,"{'user': 'admin', 'password': {}}",{'id': {'$uuid': 'e5e23d7e-5367-4829-a104-ca369c49d4dc'}},0,0,0,0,0,0,0,0,0,0,0,0,0,0,0,0,0,0,0,0,0,1,1,1,1,1,1,1,1,1,1,1
52,1712243230.342,test_database.test_collection,EOF,72.0,True,classic,118,"{'FeatureCompatibilityVersion': {'acquireCount': {'r': 1}}, 'Global': {'acquireCount': {'r': 1}}}",102822,0,test_collection,"{'user': 'test', 'password': 'test'}",{'id': {'$uuid': 'e5e23d7e-5367-4829-a104-ca369c49d4dc'}},0,0,0,0,0,0,0,0,0,0,0,0,0,0,0,0,0,0,0,0,0,1,1,1,1,1,1,1,1,1,1,1
53,1712243230.343,test_database.test_collection,EOF,59.0,True,classic,118,"{'FeatureCompatibilityVersion': {'acquireCount': {'r': 1}}, 'Global': {'acquireCount': {'r': 1}}}",100558,0,test_collection,"{'user': {'$ne': 'testuser'}, 'password': 'pass'}",{'id': {'$uuid': 'e5e23d7e-5367-4829-a104-ca369c49d4dc'}},0,0,0,0,0,1,0,0,0,0,0,0,0,1,0,0,0,0,0,0,0,1,1,1,1,1,1,1,1,1,1,1
54,1712243230.343,test_database.test_collection,EOF,65.0,True,classic,118,"{'FeatureCompatibilityVersion': {'acquireCount': {'r': 1}}, 'Global': {'acquireCount': {'r': 1}}}",110378,0,test_collection,{'username': {'$regex': '^test'}},{'id': {'$uuid': 'e5e23d7e-5367-4829-a104-ca369c49d4dc'}},0,0,0,0,0,0,0,0,0,1,0,0,0,1,0,0,0,0,0,0,0,1,1,1,1,1,1,1,1,1,1,1
55,1712243230.344,test_database.test_collection,EOF,46.0,True,classic,118,"{'FeatureCompatibilityVersion': {'acquireCount': {'r': 1}}, 'Global': {'acquireCount': {'r': 1}}}",77195,0,test_collection,"{'user': {'$gt': 'guest'}, 'password': 'pass'}",{'id': {'$uuid': 'e5e23d7e-5367-4829-a104-ca369c49d4dc'}},0,0,0,1,0,0,0,0,0,0,0,0,0,1,0,0,0,0,0,0,0,1,1,1,1,1,1,1,1,1,1,1
56,1712243230.344,test_database.test_collection,EOF,59.0,True,classic,118,"{'FeatureCompatibilityVersion': {'acquireCount': {'r': 1}}, 'Global': {'acquireCount': {'r': 1}}}",99778,0,test_collection,"{'type': 'user', 'name': 'admin', 'roles': ['_admin'], 'password': '123456'}",{'id': {'$uuid': 'e5e23d7e-5367-4829-a104-ca369c49d4dc'}},0,0,0,0,0,0,0,0,0,0,0,0,0,0,0,0,0,0,0,0,0,1,1,1,1,1,1,1,1,1,1,1
57,1712243230.345,test_database.test_collection,EOF,80.0,True,classic,118,"{'FeatureCompatibilityVersion': {'acquireCount': {'r': 1}}, 'Global': {'acquireCount': {'r': 1}}}",121888,0,test_collection,{'username': {'$regex': '.*{}.*'}},{'id': {'$uuid': 'e5e23d7e-5367-4829-a104-ca369c49d4dc'}},0,0,0,0,0,0,0,0,0,1,0,0,0,1,0,0,0,0,0,0,0,1,1,1,1,1,1,1,1,1,1,1
58,1712243230.346,test_database.test_collection,EOF,91.0,True,classic,118,"{'FeatureCompatibilityVersion': {'acquireCount': {'r': 1}}, 'Global': {'acquireCount': {'r': 1}}}",156875,0,test_collection,"{'user': 'admin', 'password': {'$nin': ['pass', 'test']}}",{'id': {'$uuid': 'e5e23d7e-5367-4829-a104-ca369c49d4dc'}},0,0,0,0,0,0,1,0,0,0,0,0,0,1,0,0,0,0,0,0,0,1,1,1,1,1,1,1,1,1,1,1
59,1712243230.347,test_database.test_collection,EOF,477.0,True,classic,118,"{'FeatureCompatibilityVersion': {'acquireCount': {'r': 1}}, 'Global': {'acquireCount': {'r': 1}}}",284894,0,test_collection,"{'$where': ""this.username == '{}'""}",{'id': {'$uuid': 'e5e23d7e-5367-4829-a104-ca369c49d4dc'}},0,0,0,0,0,0,0,0,0,0,1,0,0,1,0,1,0,0,0,0,0,1,1,1,1,1,1,1,1,1,1,1
60,1712243230.348,test_database.test_collection,EOF,55.0,True,classic,118,"{'FeatureCompatibilityVersion': {'acquireCount': {'r': 1}}, 'Global': {'acquireCount': {'r': 1}}}",90130,0,test_collection,"{'user': {'$in': ['admin', 'root']}, 'password': 'password'}",{'id': {'$uuid': 'e5e23d7e-5367-4829-a104-ca369c49d4dc'}},0,0,0,0,1,0,0,0,0,0,0,0,0,1,0,0,0,0,0,0,0,1,1,1,1,1,1,1,1,1,1,1
61,1712243230.349,test_database.test_collection,EOF,43.0,True,classic,118,"{'FeatureCompatibilityVersion': {'acquireCount': {'r': 1}}, 'Global': {'acquireCount': {'r': 1}}}",72165,0,test_collection,"{'username': {'$regex': '^{}$', '$options': 'i'}}",{'id': {'$uuid': 'e5e23d7e-5367-4829-a104-ca369c49d4dc'}},0,0,0,0,0,0,0,0,0,1,0,0,0,1,0,0,0,0,0,0,0,1,1,1,1,1,1,1,1,1,1,1
62,1712243230.35,test_database.test_collection,EOF,38.0,True,classic,118,"{'FeatureCompatibilityVersion': {'acquireCount': {'r': 1}}, 'Global': {'acquireCount': {'r': 1}}}",64111,0,test_collection,{'name': {'$not': {'$type': 'string'}}},{'id': {'$uuid': 'e5e23d7e-5367-4829-a104-ca369c49d4dc'}},1,0,0,0,0,0,0,1,0,0,0,0,0,1,0,0,0,0,0,0,0,1,1,1,1,1,1,1,1,1,1,1
63,1712243230.35,test_database.test_collection,EOF,31.0,True,classic,118,"{'FeatureCompatibilityVersion': {'acquireCount': {'r': 1}}, 'Global': {'acquireCount': {'r': 1}}}",54653,0,test_collection,"{'name': {'$mod': [5, 0]}}",{'id': {'$uuid': 'e5e23d7e-5367-4829-a104-ca369c49d4dc'}},0,0,0,0,0,0,0,0,1,0,0,0,0,1,0,0,0,0,0,0,0,1,1,1,1,1,1,1,1,1,1,1
64,1712243230.351,test_database.test_collection,EOF,407.0,True,classic,118,"{'FeatureCompatibilityVersion': {'acquireCount': {'r': 1}}, 'Global': {'acquireCount': {'r': 1}}}",131404,0,test_collection,{'$where': 'this.password.length > 10'},{'id': {'$uuid': 'e5e23d7e-5367-4829-a104-ca369c49d4dc'}},0,0,0,0,0,0,0,0,0,0,1,0,0,1,0,0,0,0,1,0,0,1,1,1,1,1,1,1,1,1,1,1
65,1712243230.352,test_database.test_collection,EOF,45.0,True,classic,118,"{'FeatureCompatibilityVersion': {'acquireCount': {'r': 1}}, 'Global': {'acquireCount': {'r': 1}}}",79700,0,test_collection,"{'user': 'test', 'password': 'pass'}",{'id': {'$uuid': 'e5e23d7e-5367-4829-a104-ca369c49d4dc'}},0,0,0,0,0,0,0,0,0,0,0,0,0,0,0,0,0,0,0,0,0,1,1,1,1,1,1,1,1,1,1,1
66,1712243230.352,test_database.test_collection,EOF,31.0,True,classic,118,"{'FeatureCompatibilityVersion': {'acquireCount': {'r': 1}}, 'Global': {'acquireCount': {'r': 1}}}",55404,0,test_collection,"{'name': 'John Doe', 'age': {}}",{'id': {'$uuid': 'e5e23d7e-5367-4829-a104-ca369c49d4dc'}},0,0,0,0,0,0,0,0,0,0,0,0,0,0,0,0,0,0,0,0,0,1,1,1,1,1,1,1,1,1,1,1
67,1712243230.352,test_database.test_collection,EOF,32.0,True,classic,118,"{'FeatureCompatibilityVersion': {'acquireCount': {'r': 1}}, 'Global': {'acquireCount': {'r': 1}}}",56075,0,test_collection,"{'user': 'guest', 'password': 'guest'}",{'id': {'$uuid': 'e5e23d7e-5367-4829-a104-ca369c49d4dc'}},0,0,0,0,0,0,0,0,0,0,0,0,0,0,0,0,0,0,0,0,0,1,1,1,1,1,1,1,1,1,1,1
68,1712243230.353,test_database.test_collection,EOF,34.0,True,classic,118,"{'FeatureCompatibilityVersion': {'acquireCount': {'r': 1}}, 'Global': {'acquireCount': {'r': 1}}}",58860,0,test_collection,"{'type': 'admin', 'name': 'admin', 'roles': ['admin'], 'password': 'admin'}",{'id': {'$uuid': 'e5e23d7e-5367-4829-a104-ca369c49d4dc'}},0,0,0,0,0,0,0,0,0,0,0,0,0,0,0,0,0,0,0,0,0,1,1,1,1,1,1,1,1,1,1,1
69,1712243230.353,test_database.test_collection,EOF,42.0,True,classic,118,"{'FeatureCompatibilityVersion': {'acquireCount': {'r': 1}}, 'Global': {'acquireCount': {'r': 1}}}",70773,0,test_collection,"{'user': {'$size': 3}, 'password': '123456'}",{'id': {'$uuid': 'e5e23d7e-5367-4829-a104-ca369c49d4dc'}},0,0,0,0,0,0,0,0,0,0,0,0,1,1,0,0,0,0,0,0,0,1,1,1,1,1,1,1,1,1,1,1
70,1712243230.354,test_database.test_collection,EOF,230.0,True,classic,118,"{'FeatureCompatibilityVersion': {'acquireCount': {'r': 1}}, 'Global': {'acquireCount': {'r': 1}}}",107471,0,test_collection,{'$where': 'this.age <= {}'},{'id': {'$uuid': 'e5e23d7e-5367-4829-a104-ca369c49d4dc'}},0,0,0,0,0,0,0,0,0,0,1,0,0,1,0,0,1,1,0,0,0,1,1,1,1,1,1,1,1,1,1,1
71,1712243230.354,test_database.test_collection,EOF,34.0,True,classic,118,"{'FeatureCompatibilityVersion': {'acquireCount': {'r': 1}}, 'Global': {'acquireCount': {'r': 1}}}",62818,0,test_collection,{'name': {'$type': 2}},{'id': {'$uuid': 'e5e23d7e-5367-4829-a104-ca369c49d4dc'}},0,0,0,0,0,0,0,1,0,0,0,0,0,1,0,0,0,0,0,0,0,1,1,1,1,1,1,1,1,1,1,1
72,1712243230.355,test_database.test_collection,EOF,31.0,True,classic,118,"{'FeatureCompatibilityVersion': {'acquireCount': {'r': 1}}, 'Global': {'acquireCount': {'r': 1}}}",56696,0,test_collection,{'name': {'$type': 16}},{'id': {'$uuid': 'e5e23d7e-5367-4829-a104-ca369c49d4dc'}},0,0,0,0,0,0,0,1,0,0,0,0,0,1,0,0,0,0,0,0,0,1,1,1,1,1,1,1,1,1,1,1
73,1712243230.355,test_database.test_collection,EOF,37.0,True,classic,118,"{'FeatureCompatibilityVersion': {'acquireCount': {'r': 1}}, 'Global': {'acquireCount': {'r': 1}}}",62026,0,test_collection,"{'username': {'$regex': '^test', '$options': 'i'}}",{'id': {'$uuid': 'e5e23d7e-5367-4829-a104-ca369c49d4dc'}},0,0,0,0,0,0,0,0,0,1,0,0,0,1,0,0,0,0,0,0,0,1,1,1,1,1,1,1,1,1,1,1
74,1712243230.356,test_database.test_collection,EOF,37.0,True,classic,118,"{'FeatureCompatibilityVersion': {'acquireCount': {'r': 1}}, 'Global': {'acquireCount': {'r': 1}}}",63269,0,test_collection,"{'user': 'guest', 'password': {'$ne': 'guest'}}",{'id': {'$uuid': 'e5e23d7e-5367-4829-a104-ca369c49d4dc'}},0,0,0,0,0,1,0,0,0,0,0,0,0,1,0,0,0,0,0,0,0,1,1,1,1,1,1,1,1,1,1,1
75,1712243230.356,test_database.test_collection,EOF,57.0,True,classic,118,"{'FeatureCompatibilityVersion': {'acquireCount': {'r': 1}}, 'Global': {'acquireCount': {'r': 1}}}",93846,0,test_collection,"{'user': {'$regex': '^{}$'}, 'password': 'pass'}",{'id': {'$uuid': 'e5e23d7e-5367-4829-a104-ca369c49d4dc'}},0,0,0,0,0,0,0,0,0,1,0,0,0,1,0,0,0,0,0,0,0,1,1,1,1,1,1,1,1,1,1,1
76,1712243230.357,test_database.test_collection,EOF,88.0,True,classic,118,"{'FeatureCompatibilityVersion': {'acquireCount': {'r': 1}}, 'Global': {'acquireCount': {'r': 1}}}",155582,0,test_collection,{'name': {'$not': {'$type': 3}}},{'id': {'$uuid': 'e5e23d7e-5367-4829-a104-ca369c49d4dc'}},1,0,0,0,0,0,0,1,0,0,0,0,0,1,0,0,0,0,0,0,0,1,1,1,1,1,1,1,1,1,1,1
77,1712243230.358,test_database.test_collection,EOF,67.0,True,classic,118,"{'FeatureCompatibilityVersion': {'acquireCount': {'r': 1}}, 'Global': {'acquireCount': {'r': 1}}}",113292,0,test_collection,{'name': {'$not': {'$type': 18}}},{'id': {'$uuid': 'e5e23d7e-5367-4829-a104-ca369c49d4dc'}},1,0,0,0,0,0,0,1,0,0,0,0,0,1,0,0,0,0,0,0,0,1,1,1,1,1,1,1,1,1,1,1
78,1712243230.359,test_database.test_collection,EOF,381.0,True,classic,118,"{'FeatureCompatibilityVersion': {'acquireCount': {'r': 1}}, 'Global': {'acquireCount': {'r': 1}}}",150482,0,test_collection,{'$where': 'this.password.length <= 5'},{'id': {'$uuid': 'e5e23d7e-5367-4829-a104-ca369c49d4dc'}},0,0,0,0,0,0,0,0,0,0,1,0,0,1,0,0,1,1,0,0,0,1,1,1,1,1,1,1,1,1,1,1
79,1712243230.359,test_database.test_collection,EOF,64.0,True,classic,118,"{'FeatureCompatibilityVersion': {'acquireCount': {'r': 1}}, 'Global': {'acquireCount': {'r': 1}}}",111359,0,test_collection,"{'user': 'test', 'password': 'password'}",{'id': {'$uuid': 'e5e23d7e-5367-4829-a104-ca369c49d4dc'}},0,0,0,0,0,0,0,0,0,0,0,0,0,0,0,0,0,0,0,0,0,1,1,1,1,1,1,1,1,1,1,1
80,1712243230.36,test_database.test_collection,EOF,73.0,True,classic,118,"{'FeatureCompatibilityVersion': {'acquireCount': {'r': 1}}, 'Global': {'acquireCount': {'r': 1}}}",103113,0,test_collection,"{'name': 'Alice', 'age': {}}",{'id': {'$uuid': 'e5e23d7e-5367-4829-a104-ca369c49d4dc'}},0,0,0,0,0,0,0,0,0,0,0,0,0,0,0,0,0,0,0,0,0,1,1,1,1,1,1,1,1,1,1,1
81,1712243230.361,test_database.test_collection,EOF,43.0,True,classic,118,"{'FeatureCompatibilityVersion': {'acquireCount': {'r': 1}}, 'Global': {'acquireCount': {'r': 1}}}",76393,0,test_collection,"{'user': 'john', 'password': 'qwerty'}",{'id': {'$uuid': 'e5e23d7e-5367-4829-a104-ca369c49d4dc'}},0,0,0,0,0,0,0,0,0,0,0,0,0,0,0,0,0,0,0,0,0,1,1,1,1,1,1,1,1,1,1,1
82,1712243230.361,test_database.test_collection,EOF,50.0,True,classic,118,"{'FeatureCompatibilityVersion': {'acquireCount': {'r': 1}}, 'Global': {'acquireCount': {'r': 1}}}",87334,0,test_collection,"{'type': 'user', 'name': 'user', 'roles': ['user'], 'password': 'user'}",{'id': {'$uuid': 'e5e23d7e-5367-4829-a104-ca369c49d4dc'}},0,0,0,0,0,0,0,0,0,0,0,0,0,0,0,0,0,0,0,0,0,1,1,1,1,1,1,1,1,1,1,1
83,1712243230.362,test_database.test_collection,EOF,71.0,True,classic,118,"{'FeatureCompatibilityVersion': {'acquireCount': {'r': 1}}, 'Global': {'acquireCount': {'r': 1}}}",125425,0,test_collection,"{'user': ['testuser', 'admin'], 'password': 'password'}",{'id': {'$uuid': 'e5e23d7e-5367-4829-a104-ca369c49d4dc'}},0,0,0,0,0,0,0,0,0,0,0,0,0,0,0,0,0,0,0,0,0,1,1,1,1,1,1,1,1,1,1,1
84,1712243230.363,test_database.test_collection,EOF,77.0,True,classic,118,"{'FeatureCompatibilityVersion': {'acquireCount': {'r': 1}}, 'Global': {'acquireCount': {'r': 1}}}",131336,0,test_collection,"{'username': {'$regex': '{}|admin', '$options': 'i'}}",{'id': {'$uuid': 'e5e23d7e-5367-4829-a104-ca369c49d4dc'}},0,0,0,0,0,0,0,0,0,1,0,0,0,1,0,0,0,0,0,0,0,1,1,1,1,1,1,1,1,1,1,1
85,1712243230.363,test_database.test_collection,EOF,68.0,True,classic,118,"{'FeatureCompatibilityVersion': {'acquireCount': {'r': 1}}, 'Global': {'acquireCount': {'r': 1}}}",118031,0,test_collection,"{'user': {'$size': 1}, 'password': 'test'}",{'id': {'$uuid': 'e5e23d7e-5367-4829-a104-ca369c49d4dc'}},0,0,0,0,0,0,0,0,0,0,0,0,1,1,0,0,0,0,0,0,0,1,1,1,1,1,1,1,1,1,1,1
86,1712243230.365,test_database.test_collection,EOF,405.0,True,classic,118,"{'FeatureCompatibilityVersion': {'acquireCount': {'r': 1}}, 'Global': {'acquireCount': {'r': 1}}}",151876,0,test_collection,"{'$where': ""this.age > 20 && this.gender === 'male'""}",{'id': {'$uuid': 'e5e23d7e-5367-4829-a104-ca369c49d4dc'}},0,0,0,0,0,0,0,0,0,0,1,0,0,1,0,1,0,0,1,1,1,1,1,1,1,1,1,1,1,1,1,1
87,1712243230.365,test_database.test_collection,EOF,40.0,True,classic,118,"{'FeatureCompatibilityVersion': {'acquireCount': {'r': 1}}, 'Global': {'acquireCount': {'r': 1}}}",77535,0,test_collection,{'name': {'$type': 4}},{'id': {'$uuid': 'e5e23d7e-5367-4829-a104-ca369c49d4dc'}},0,0,0,0,0,0,0,1,0,0,0,0,0,1,0,0,0,0,0,0,0,1,1,1,1,1,1,1,1,1,1,1
88,1712243230.366,test_database.test_collection,EOF,56.0,True,classic,118,"{'FeatureCompatibilityVersion': {'acquireCount': {'r': 1}}, 'Global': {'acquireCount': {'r': 1}}}",98826,0,test_collection,{'name': {'$type': 17}},{'id': {'$uuid': 'e5e23d7e-5367-4829-a104-ca369c49d4dc'}},0,0,0,0,0,0,0,1,0,0,0,0,0,1,0,0,0,0,0,0,0,1,1,1,1,1,1,1,1,1,1,1
89,1712243230.367,test_database.test_collection,EOF,56.0,True,classic,118,"{'FeatureCompatibilityVersion': {'acquireCount': {'r': 1}}, 'Global': {'acquireCount': {'r': 1}}}",87785,0,test_collection,"{'username': {'$regex': '^{}$'}, 'password': {'$ne': 'test'}}",{'id': {'$uuid': 'e5e23d7e-5367-4829-a104-ca369c49d4dc'}},0,0,0,0,0,1,0,0,0,1,0,0,0,1,0,0,0,0,0,0,0,1,1,1,1,1,1,1,1,1,1,1
90,1712243230.367,test_database.test_collection,EOF,33.0,True,classic,118,"{'FeatureCompatibilityVersion': {'acquireCount': {'r': 1}}, 'Global': {'acquireCount': {'r': 1}}}",57618,0,test_collection,{'name': {'$not': {'$type': 1}}},{'id': {'$uuid': 'e5e23d7e-5367-4829-a104-ca369c49d4dc'}},1,0,0,0,0,0,0,1,0,0,0,0,0,1,0,0,0,0,0,0,0,1,1,1,1,1,1,1,1,1,1,1
91,1712243230.367,test_database.test_collection,EOF,41.0,True,classic,118,"{'FeatureCompatibilityVersion': {'acquireCount': {'r': 1}}, 'Global': {'acquireCount': {'r': 1}}}",68708,0,test_collection,{'name': {'$not': {'$type': 19}}},{'id': {'$uuid': 'e5e23d7e-5367-4829-a104-ca369c49d4dc'}},1,0,0,0,0,0,0,1,0,0,0,0,0,1,0,0,0,0,0,0,0,1,1,1,1,1,1,1,1,1,1,1
92,1712243230.368,test_database.test_collection,EOF,386.0,True,classic,118,"{'FeatureCompatibilityVersion': {'acquireCount': {'r': 1}}, 'Global': {'acquireCount': {'r': 1}}}",132489,0,test_collection,"{'$where': ""this.password.length > 8 && this.name === 'admin'""}",{'id': {'$uuid': 'e5e23d7e-5367-4829-a104-ca369c49d4dc'}},0,0,0,0,0,0,0,0,0,0,1,0,0,1,0,1,0,0,1,1,1,1,1,1,1,1,1,1,1,1,1,1
93,1712243230.369,test_database.test_collection,EOF,41.0,True,classic,118,"{'FeatureCompatibilityVersion': {'acquireCount': {'r': 1}}, 'Global': {'acquireCount': {'r': 1}}}",71615,0,test_collection,"{'user': 'admin', 'password': 'admin'}",{'id': {'$uuid': 'e5e23d7e-5367-4829-a104-ca369c49d4dc'}},0,0,0,0,0,0,0,0,0,0,0,0,0,0,0,0,0,0,0,0,0,1,1,1,1,1,1,1,1,1,1,1
94,1712243230.369,test_database.test_collection,EOF,51.0,True,classic,118,"{'FeatureCompatibilityVersion': {'acquireCount': {'r': 1}}, 'Global': {'acquireCount': {'r': 1}}}",94507,0,test_collection,"{'user': 'root', 'password': 'root'}",{'id': {'$uuid': 'e5e23d7e-5367-4829-a104-ca369c49d4dc'}},0,0,0,0,0,0,0,0,0,0,0,0,0,0,0,0,0,0,0,0,0,1,1,1,1,1,1,1,1,1,1,1
95,1712243230.37,test_database.test_collection,EOF,54.0,True,classic,118,"{'FeatureCompatibilityVersion': {'acquireCount': {'r': 1}}, 'Global': {'acquireCount': {'r': 1}}}",97333,0,test_collection,"{'user': 'admin', 'password': 'password123'}",{'id': {'$uuid': 'e5e23d7e-5367-4829-a104-ca369c49d4dc'}},0,0,0,0,0,0,0,0,0,0,0,0,0,0,0,0,0,0,0,0,0,1,1,1,1,1,1,1,1,1,1,1
96,1712243230.371,test_database.test_collection,EOF,72.0,True,classic,118,"{'FeatureCompatibilityVersion': {'acquireCount': {'r': 1}}, 'Global': {'acquireCount': {'r': 1}}}",130054,0,test_collection,"{'user': 'testuser', 'password': 'testuser123'}",{'id': {'$uuid': 'e5e23d7e-5367-4829-a104-ca369c49d4dc'}},0,0,0,0,0,0,0,0,0,0,0,0,0,0,0,0,0,0,0,0,0,1,1,1,1,1,1,1,1,1,1,1
97,1712243230.371,test_database.test_collection,EOF,59.0,True,classic,118,"{'FeatureCompatibilityVersion': {'acquireCount': {'r': 1}}, 'Global': {'acquireCount': {'r': 1}}}",111629,0,test_collection,"{'user': 'test', 'password': 'test'}",{'id': {'$uuid': 'e5e23d7e-5367-4829-a104-ca369c49d4dc'}},0,0,0,0,0,0,0,0,0,0,0,0,0,0,0,0,0,0,0,0,0,1,1,1,1,1,1,1,1,1,1,1
98,1712243230.372,test_database.test_collection,EOF,67.0,True,classic,118,"{'FeatureCompatibilityVersion': {'acquireCount': {'r': 1}}, 'Global': {'acquireCount': {'r': 1}}}",126497,0,test_collection,"{'name': 'Bob', 'age': {}}",{'id': {'$uuid': 'e5e23d7e-5367-4829-a104-ca369c49d4dc'}},0,0,0,0,0,0,0,0,0,0,0,0,0,0,0,0,0,0,0,0,0,1,1,1,1,1,1,1,1,1,1,1
99,1712243230.373,test_database.test_collection,EOF,64.0,True,classic,118,"{'FeatureCompatibilityVersion': {'acquireCount': {'r': 1}}, 'Global': {'acquireCount': {'r': 1}}}",109095,0,test_collection,"{'user': 'john', 'password': 'password123'}",{'id': {'$uuid': 'e5e23d7e-5367-4829-a104-ca369c49d4dc'}},0,0,0,0,0,0,0,0,0,0,0,0,0,0,0,0,0,0,0,0,0,1,1,1,1,1,1,1,1,1,1,1
100,1712243230.374,test_database.test_collection,EOF,62.0,True,classic,118,"{'FeatureCompatibilityVersion': {'acquireCount': {'r': 1}}, 'Global': {'acquireCount': {'r': 1}}}",106239,0,test_collection,"{'type': 'user', 'name': 'user', 'roles': ['user'], 'password': 'user'}",{'id': {'$uuid': 'e5e23d7e-5367-4829-a104-ca369c49d4dc'}},0,0,0,0,0,0,0,0,0,0,0,0,0,0,0,0,0,0,0,0,0,1,1,1,1,1,1,1,1,1,1,1
101,1712243230.375,test_database.test_collection,EOF,80.0,True,classic,118,"{'FeatureCompatibilityVersion': {'acquireCount': {'r': 1}}, 'Global': {'acquireCount': {'r': 1}}}",143900,0,test_collection,"{'user': {'$elemMatch': {'$eq': 'admin'}}, 'password': {'$ne': 'test'}}",{'id': {'$uuid': 'e5e23d7e-5367-4829-a104-ca369c49d4dc'}},0,0,1,0,0,1,0,0,0,0,0,1,0,1,0,0,0,0,0,0,0,1,1,1,1,1,1,1,1,1,1,1
102,1712243230.376,test_database.test_collection,EOF,60.0,True,classic,118,"{'FeatureCompatibilityVersion': {'acquireCount': {'r': 1}}, 'Global': {'acquireCount': {'r': 1}}}",98595,0,test_collection,"{'username': {'$regex': '{}.*admin.*', '$options': 'i'}}",{'id': {'$uuid': 'e5e23d7e-5367-4829-a104-ca369c49d4dc'}},0,0,0,0,0,0,0,0,0,1,0,0,0,1,0,0,0,0,0,0,0,1,1,1,1,1,1,1,1,1,1,1
103,1712243230.376,test_database.test_collection,EOF,59.0,True,classic,118,"{'FeatureCompatibilityVersion': {'acquireCount': {'r': 1}}, 'Global': {'acquireCount': {'r': 1}}}",100118,0,test_collection,"{'user': {'$size': 2}, 'password': '123456'}",{'id': {'$uuid': 'e5e23d7e-5367-4829-a104-ca369c49d4dc'}},0,0,0,0,0,0,0,0,0,0,0,0,1,1,0,0,0,0,0,0,0,1,1,1,1,1,1,1,1,1,1,1
104,1712243230.377,test_database.test_collection,EOF,314.0,True,classic,118,"{'FeatureCompatibilityVersion': {'acquireCount': {'r': 1}}, 'Global': {'acquireCount': {'r': 1}}}",140356,0,test_collection,"{'$where': ""this.age > 30 && this.gender === 'female'""}",{'id': {'$uuid': 'e5e23d7e-5367-4829-a104-ca369c49d4dc'}},0,0,0,0,0,0,0,0,0,0,1,0,0,1,0,1,0,0,1,1,1,1,1,1,1,1,1,1,1,1,1,1
105,1712243230.378,test_database.test_collection,EOF,53.0,True,classic,118,"{'FeatureCompatibilityVersion': {'acquireCount': {'r': 1}}, 'Global': {'acquireCount': {'r': 1}}}",96973,0,test_collection,{'name': {'$type': 5}},{'id': {'$uuid': 'e5e23d7e-5367-4829-a104-ca369c49d4dc'}},0,0,0,0,0,0,0,1,0,0,0,0,0,1,0,0,0,0,0,0,0,1,1,1,1,1,1,1,1,1,1,1
106,1712243230.379,test_database.test_collection,None,,None,None,115,"{'FeatureCompatibilityVersion': {'acquireCount': {'r': 1}}, 'Global': {'acquireCount': {'r': 1}}}",111359,0,test_collection,{'name': {'$type': 20}},{'id': {'$uuid': 'e5e23d7e-5367-4829-a104-ca369c49d4dc'}},0,0,0,0,0,0,0,1,0,0,0,0,0,1,0,0,0,0,0,0,0,1,1,1,1,1,1,1,1,1,1,1
107,1712243230.379,test_database.test_collection,EOF,74.0,True,classic,118,"{'FeatureCompatibilityVersion': {'acquireCount': {'r': 1}}, 'Global': {'acquireCount': {'r': 1}}}",121248,0,test_collection,"{'username': {'$regex': '^{}$', '$options': 'i'}, 'password': {'$ne': 'admin'}}",{'id': {'$uuid': 'e5e23d7e-5367-4829-a104-ca369c49d4dc'}},0,0,0,0,0,1,0,0,0,1,0,0,0,1,0,0,0,0,0,0,0,1,1,1,1,1,1,1,1,1,1,1
108,1712243230.38,test_database.test_collection,EOF,60.0,True,classic,118,"{'FeatureCompatibilityVersion': {'acquireCount': {'r': 1}}, 'Global': {'acquireCount': {'r': 1}}}",105949,0,test_collection,{'name': {'$not': {'$type': 6}}},{'id': {'$uuid': 'e5e23d7e-5367-4829-a104-ca369c49d4dc'}},1,0,0,0,0,0,0,1,0,0,0,0,0,1,0,0,0,0,0,0,0,1,1,1,1,1,1,1,1,1,1,1
109,1712243230.381,test_database.test_collection,None,,None,None,115,"{'FeatureCompatibilityVersion': {'acquireCount': {'r': 1}}, 'Global': {'acquireCount': {'r': 1}}}",130254,0,test_collection,{'name': {'$not': {'$type': 21}}},{'id': {'$uuid': 'e5e23d7e-5367-4829-a104-ca369c49d4dc'}},1,0,0,0,0,0,0,1,0,0,0,0,0,1,0,0,0,0,0,0,0,1,1,1,1,1,1,1,1,1,1,1
110,1712243230.382,test_database.test_collection,EOF,327.0,True,classic,118,"{'FeatureCompatibilityVersion': {'acquireCount': {'r': 1}}, 'Global': {'acquireCount': {'r': 1}}}",165221,0,test_collection,"{'$where': ""this.password.length > 12 && this.name === 'root'""}",{'id': {'$uuid': 'e5e23d7e-5367-4829-a104-ca369c49d4dc'}},0,0,0,0,0,0,0,0,0,0,1,0,0,1,0,1,0,0,1,1,1,1,1,1,1,1,1,1,1,1,1,1
111,1712243230.383,test_database.test_collection,EOF,88.0,True,classic,118,"{'FeatureCompatibilityVersion': {'acquireCount': {'r': 1}}, 'Global': {'acquireCount': {'r': 1}}}",140403,0,test_collection,"{'user': 'admin', 'password': 'administrator'}",{'id': {'$uuid': 'e5e23d7e-5367-4829-a104-ca369c49d4dc'}},0,0,0,0,0,0,0,0,0,0,0,0,0,0,0,0,0,0,0,0,0,1,1,1,1,1,1,1,1,1,1,1
112,1712243230.384,test_database.test_collection,EOF,69.0,True,classic,118,"{'FeatureCompatibilityVersion': {'acquireCount': {'r': 1}}, 'Global': {'acquireCount': {'r': 1}}}",122129,0,test_collection,"{'user': 'root', 'password': 'administrator'}",{'id': {'$uuid': 'e5e23d7e-5367-4829-a104-ca369c49d4dc'}},0,0,0,0,0,0,0,0,0,0,0,0,0,0,0,0,0,0,0,0,0,1,1,1,1,1,1,1,1,1,1,1
113,1712243230.385,test_database.test_collection,EOF,66.0,True,classic,118,"{'FeatureCompatibilityVersion': {'acquireCount': {'r': 1}}, 'Global': {'acquireCount': {'r': 1}}}",115777,0,test_collection,"{'user': 'admin', 'password': 'admin123'}",{'id': {'$uuid': 'e5e23d7e-5367-4829-a104-ca369c49d4dc'}},0,0,0,0,0,0,0,0,0,0,0,0,0,0,0,0,0,0,0,0,0,1,1,1,1,1,1,1,1,1,1,1
114,1712243230.386,test_database.test_collection,EOF,56.0,True,classic,118,"{'FeatureCompatibilityVersion': {'acquireCount': {'r': 1}}, 'Global': {'acquireCount': {'r': 1}}}",98876,0,test_collection,"{'user': 'testuser', 'password': 'testuser2023'}",{'id': {'$uuid': 'e5e23d7e-5367-4829-a104-ca369c49d4dc'}},0,0,0,0,0,0,0,0,0,0,0,0,0,0,0,0,0,0,0,0,0,1,1,1,1,1,1,1,1,1,1,1
115,1712243230.386,test_database.test_collection,EOF,63.0,True,classic,118,"{'FeatureCompatibilityVersion': {'acquireCount': {'r': 1}}, 'Global': {'acquireCount': {'r': 1}}}",113493,0,test_collection,"{'user': 'test', 'password': 'pass123'}",{'id': {'$uuid': 'e5e23d7e-5367-4829-a104-ca369c49d4dc'}},0,0,0,0,0,0,0,0,0,0,0,0,0,0,0,0,0,0,0,0,0,1,1,1,1,1,1,1,1,1,1,1
116,1712243230.387,test_database.test_collection,EOF,65.0,True,classic,118,"{'FeatureCompatibilityVersion': {'acquireCount': {'r': 1}}, 'Global': {'acquireCount': {'r': 1}}}",115406,0,test_collection,"{'name': 'Jane', 'age': {}}",{'id': {'$uuid': 'e5e23d7e-5367-4829-a104-ca369c49d4dc'}},0,0,0,0,0,0,0,0,0,0,0,0,0,0,0,0,0,0,0,0,0,1,1,1,1,1,1,1,1,1,1,1
117,1712243230.388,test_database.test_collection,EOF,57.0,True,classic,118,"{'FeatureCompatibilityVersion': {'acquireCount': {'r': 1}}, 'Global': {'acquireCount': {'r': 1}}}",99877,0,test_collection,"{'user': 'john', 'password': 'password2023'}",{'id': {'$uuid': 'e5e23d7e-5367-4829-a104-ca369c49d4dc'}},0,0,0,0,0,0,0,0,0,0,0,0,0,0,0,0,0,0,0,0,0,1,1,1,1,1,1,1,1,1,1,1
118,1712243230.389,test_database.test_collection,EOF,42.0,True,classic,118,"{'FeatureCompatibilityVersion': {'acquireCount': {'r': 1}}, 'Global': {'acquireCount': {'r': 1}}}",71254,0,test_collection,"{'type': 'user', 'name': 'user', 'roles': ['user'], 'password': 'secure123'}",{'id': {'$uuid': 'e5e23d7e-5367-4829-a104-ca369c49d4dc'}},0,0,0,0,0,0,0,0,0,0,0,0,0,0,0,0,0,0,0,0,0,1,1,1,1,1,1,1,1,1,1,1
119,1712243230.389,test_database.test_collection,EOF,46.0,True,classic,118,"{'FeatureCompatibilityVersion': {'acquireCount': {'r': 1}}, 'Global': {'acquireCount': {'r': 1}}}",82014,0,test_collection,"{'type': 'user', 'name': 'user', 'roles': ['user'], 'password': 'password2023'}",{'id': {'$uuid': 'e5e23d7e-5367-4829-a104-ca369c49d4dc'}},0,0,0,0,0,0,0,0,0,0,0,0,0,0,0,0,0,0,0,0,0,1,1,1,1,1,1,1,1,1,1,1
120,1712243230.39,test_database.test_collection,EOF,60.0,True,classic,118,"{'FeatureCompatibilityVersion': {'acquireCount': {'r': 1}}, 'Global': {'acquireCount': {'r': 1}}}",106159,0,test_collection,"{'user': 'malicious1', 'password': 'malicious1password'}",{'id': {'$uuid': 'e5e23d7e-5367-4829-a104-ca369c49d4dc'}},0,0,0,0,0,0,0,0,0,0,0,0,0,0,0,0,0,0,0,0,0,1,1,1,1,1,1,1,1,1,1,1
121,1712243230.391,test_database.test_collection,EOF,86.0,True,classic,118,"{'FeatureCompatibilityVersion': {'acquireCount': {'r': 1}}, 'Global': {'acquireCount': {'r': 1}}}",145203,0,test_collection,{'username': {'$regex': '^malicious2'}},{'id': {'$uuid': 'e5e23d7e-5367-4829-a104-ca369c49d4dc'}},0,0,0,0,0,0,0,0,0,1,0,0,0,1,0,0,0,0,0,0,0,1,1,1,1,1,1,1,1,1,1,1
122,1712243230.392,test_database.test_collection,EOF,77.0,True,classic,118,"{'FeatureCompatibilityVersion': {'acquireCount': {'r': 1}}, 'Global': {'acquireCount': {'r': 1}}}",130605,0,test_collection,"{'user': 'test', 'password': 'test{}'}",{'id': {'$uuid': 'e5e23d7e-5367-4829-a104-ca369c49d4dc'}},0,0,0,0,0,0,0,0,0,0,0,0,0,0,0,0,0,0,0,0,0,1,1,1,1,1,1,1,1,1,1,1
123,1712243230.393,test_database.test_collection,EOF,64.0,True,classic,118,"{'FeatureCompatibilityVersion': {'acquireCount': {'r': 1}}, 'Global': {'acquireCount': {'r': 1}}}",110968,0,test_collection,"{'user': {'$in': ['admin', 'root', 'hacker']}, 'password': 'password'}",{'id': {'$uuid': 'e5e23d7e-5367-4829-a104-ca369c49d4dc'}},0,0,0,0,1,0,0,0,0,0,0,0,0,1,0,0,0,0,0,0,0,1,1,1,1,1,1,1,1,1,1,1
124,1712243230.394,test_database.test_collection,EOF,173.0,True,classic,118,"{'FeatureCompatibilityVersion': {'acquireCount': {'r': 1}}, 'Global': {'acquireCount': {'r': 1}}}",295284,0,test_collection,"{'user': {'$size': 4}, 'password': '123456'}",{'id': {'$uuid': 'e5e23d7e-5367-4829-a104-ca369c49d4dc'}},0,0,0,0,0,0,0,0,0,0,0,0,1,1,0,0,0,0,0,0,0,1,1,1,1,1,1,1,1,1,1,1
125,1712243230.395,test_database.test_collection,EOF,433.0,True,classic,118,"{'FeatureCompatibilityVersion': {'acquireCount': {'r': 1}}, 'Global': {'acquireCount': {'r': 1}}}",233790,0,test_collection,"{'$where': ""this.age > 25 && this.gender === 'male'""}",{'id': {'$uuid': 'e5e23d7e-5367-4829-a104-ca369c49d4dc'}},0,0,0,0,0,0,0,0,0,0,1,0,0,1,0,1,0,0,1,1,1,1,1,1,1,1,1,1,1,1,1,1
126,1712243230.396,test_database.test_collection,None,,None,None,115,"{'FeatureCompatibilityVersion': {'acquireCount': {'r': 1}}, 'Global': {'acquireCount': {'r': 1}}}",123743,0,test_collection,{'name': {'$type': 22}},{'id': {'$uuid': 'e5e23d7e-5367-4829-a104-ca369c49d4dc'}},0,0,0,0,0,0,0,1,0,0,0,0,0,1,0,0,0,0,0,0,0,1,1,1,1,1,1,1,1,1,1,1
127,1712243230.397,test_database.test_collection,None,,None,None,115,"{'FeatureCompatibilityVersion': {'acquireCount': {'r': 1}}, 'Global': {'acquireCount': {'r': 1}}}",172604,0,test_collection,{'name': {'$type': 23}},{'id': {'$uuid': 'e5e23d7e-5367-4829-a104-ca369c49d4dc'}},0,0,0,0,0,0,0,1,0,0,0,0,0,1,0,0,0,0,0,0,0,1,1,1,1,1,1,1,1,1,1,1
128,1712243230.398,test_database.test_collection,EOF,67.0,True,classic,118,"{'FeatureCompatibilityVersion': {'acquireCount': {'r': 1}}, 'Global': {'acquireCount': {'r': 1}}}",102152,0,test_collection,{'username': {'$regex': '^(malicious3|malicious4)\\d+'}},{'id': {'$uuid': 'e5e23d7e-5367-4829-a104-ca369c49d4dc'}},0,0,0,0,0,0,0,0,0,1,0,0,0,1,0,0,0,0,0,0,0,1,1,1,1,1,1,1,1,1,1,1
129,1712243230.398,test_database.test_collection,EOF,38.0,True,classic,118,"{'FeatureCompatibilityVersion': {'acquireCount': {'r': 1}}, 'Global': {'acquireCount': {'r': 1}}}",65413,0,test_collection,"{'user': {'$eq': 'admin'}, 'password': 'malicious5'}",{'id': {'$uuid': 'e5e23d7e-5367-4829-a104-ca369c49d4dc'}},0,0,1,0,0,0,0,0,0,0,0,0,0,1,0,0,0,0,0,0,0,1,1,1,1,1,1,1,1,1,1,1
130,1712243230.399,test_database.test_collection,EOF,34.0,True,classic,118,"{'FeatureCompatibilityVersion': {'acquireCount': {'r': 1}}, 'Global': {'acquireCount': {'r': 1}}}",57478,0,test_collection,{'user': {'$regex': '^malicious6'}},{'id': {'$uuid': 'e5e23d7e-5367-4829-a104-ca369c49d4dc'}},0,0,0,0,0,0,0,0,0,1,0,0,0,1,0,0,0,0,0,0,0,1,1,1,1,1,1,1,1,1,1,1
131,1712243230.399,test_database.test_collection,EOF,39.0,True,classic,118,"{'FeatureCompatibilityVersion': {'acquireCount': {'r': 1}}, 'Global': {'acquireCount': {'r': 1}}}",68929,0,test_collection,"{'user': 'malicious9', 'password': {'$ne': 'malicious9password'}}",{'id': {'$uuid': 'e5e23d7e-5367-4829-a104-ca369c49d4dc'}},0,0,0,0,0,1,0,0,0,0,0,0,0,1,0,0,0,0,0,0,0,1,1,1,1,1,1,1,1,1,1,1
132,1712243230.4,test_database.test_collection,EOF,37.0,True,classic,118,"{'FeatureCompatibilityVersion': {'acquireCount': {'r': 1}}, 'Global': {'acquireCount': {'r': 1}}}",62246,0,test_collection,"{'user': {'$in': ['admin', 'root', 'malicious10']}, 'password': 'malicious10password'}",{'id': {'$uuid': 'e5e23d7e-5367-4829-a104-ca369c49d4dc'}},0,0,0,0,1,0,0,0,0,0,0,0,0,1,0,0,0,0,0,0,0,1,1,1,1,1,1,1,1,1,1,1
133,1712243230.4,test_database.test_collection,None,,None,None,116,"{'FeatureCompatibilityVersion': {'acquireCount': {'r': 1}}, 'Global': {'acquireCount': {'r': 1}}}",80942,0,test_collection,"{'user': {'$size': 10}, 'password': {'$type': 200}}",{'id': {'$uuid': 'e5e23d7e-5367-4829-a104-ca369c49d4dc'}},0,0,0,0,0,0,0,1,0,0,0,0,1,1,0,0,0,0,0,0,0,1,1,1,1,1,1,1,1,1,1,1
134,1712243230.401,test_database.test_collection,EOF,43.0,True,classic,118,"{'FeatureCompatibilityVersion': {'acquireCount': {'r': 1}}, 'Global': {'acquireCount': {'r': 1}}}",73278,0,test_collection,"{'user': 'benign28', 'name': {'$type': 2}}",{'id': {'$uuid': 'e5e23d7e-5367-4829-a104-ca369c49d4dc'}},0,0,0,0,0,0,0,1,0,0,0,0,0,1,0,0,0,0,0,0,0,1,1,1,1,1,1,1,1,1,1,1
135,1712243230.401,test_database.test_collection,EOF,59.0,True,classic,118,"{'FeatureCompatibilityVersion': {'acquireCount': {'r': 1}}, 'Global': {'acquireCount': {'r': 1}}}",101841,0,test_collection,"{'user': 'benign1', 'password': 'benign1password'}",{'id': {'$uuid': 'e5e23d7e-5367-4829-a104-ca369c49d4dc'}},0,0,0,0,0,0,0,0,0,0,0,0,0,0,0,0,0,0,0,0,0,1,1,1,1,1,1,1,1,1,1,1
136,1712243230.402,test_database.test_collection,EOF,40.0,True,classic,118,"{'FeatureCompatibilityVersion': {'acquireCount': {'r': 1}}, 'Global': {'acquireCount': {'r': 1}}}",66074,0,test_collection,{'username': {'$regex': '^benign2'}},{'id': {'$uuid': 'e5e23d7e-5367-4829-a104-ca369c49d4dc'}},0,0,0,0,0,0,0,0,0,1,0,0,0,1,0,0,0,0,0,0,0,1,1,1,1,1,1,1,1,1,1,1
137,1712243230.402,test_database.test_collection,EOF,42.0,True,classic,118,"{'FeatureCompatibilityVersion': {'acquireCount': {'r': 1}}, 'Global': {'acquireCount': {'r': 1}}}",72977,0,test_collection,"{'user': 'test', 'password': 'test{}'}",{'id': {'$uuid': 'e5e23d7e-5367-4829-a104-ca369c49d4dc'}},0,0,0,0,0,0,0,0,0,0,0,0,0,0,0,0,0,0,0,0,0,1,1,1,1,1,1,1,1,1,1,1
138,1712243230.403,test_database.test_collection,EOF,41.0,True,classic,118,"{'FeatureCompatibilityVersion': {'acquireCount': {'r': 1}}, 'Global': {'acquireCount': {'r': 1}}}",69360,0,test_collection,"{'user': {'$in': ['guest', 'user', 'benign3']}, 'password': 'password'}",{'id': {'$uuid': 'e5e23d7e-5367-4829-a104-ca369c49d4dc'}},0,0,0,0,1,0,0,0,0,0,0,0,0,1,0,0,0,0,0,0,0,1,1,1,1,1,1,1,1,1,1,1
139,1712243230.403,test_database.test_collection,EOF,35.0,True,classic,118,"{'FeatureCompatibilityVersion': {'acquireCount': {'r': 1}}, 'Global': {'acquireCount': {'r': 1}}}",60614,0,test_collection,"{'user': {'$size': 5}, 'password': '123456'}",{'id': {'$uuid': 'e5e23d7e-5367-4829-a104-ca369c49d4dc'}},0,0,0,0,0,0,0,0,0,0,0,0,1,1,0,0,0,0,0,0,0,1,1,1,1,1,1,1,1,1,1,1
140,1712243230.404,test_database.test_collection,EOF,89.0,True,classic,118,"{'FeatureCompatibilityVersion': {'acquireCount': {'r': 1}}, 'Global': {'acquireCount': {'r': 1}}}",87573,0,test_collection,"{'$where': ""this.age > 30 && this.gender === 'female'""}",{'id': {'$uuid': 'e5e23d7e-5367-4829-a104-ca369c49d4dc'}},0,0,0,0,0,0,0,0,0,0,1,0,0,1,0,1,0,0,1,1,1,1,1,1,1,1,1,1,1,1,1,1
141,1712243230.404,test_database.test_collection,None,,None,None,115,"{'FeatureCompatibilityVersion': {'acquireCount': {'r': 1}}, 'Global': {'acquireCount': {'r': 1}}}",80792,0,test_collection,{'name': {'$type': 24}},{'id': {'$uuid': 'e5e23d7e-5367-4829-a104-ca369c49d4dc'}},0,0,0,0,0,0,0,1,0,0,0,0,0,1,0,0,0,0,0,0,0,1,1,1,1,1,1,1,1,1,1,1
142,1712243230.405,test_database.test_collection,None,,None,None,115,"{'FeatureCompatibilityVersion': {'acquireCount': {'r': 1}}, 'Global': {'acquireCount': {'r': 1}}}",76103,0,test_collection,{'name': {'$type': 25}},{'id': {'$uuid': 'e5e23d7e-5367-4829-a104-ca369c49d4dc'}},0,0,0,0,0,0,0,1,0,0,0,0,0,1,0,0,0,0,0,0,0,1,1,1,1,1,1,1,1,1,1,1
143,1712243230.405,test_database.test_collection,EOF,43.0,True,classic,118,"{'FeatureCompatibilityVersion': {'acquireCount': {'r': 1}}, 'Global': {'acquireCount': {'r': 1}}}",70963,0,test_collection,{'username': {'$regex': '^(benign4|benign5)\\d+'}},{'id': {'$uuid': 'e5e23d7e-5367-4829-a104-ca369c49d4dc'}},0,0,0,0,0,0,0,0,0,1,0,0,0,1,0,0,0,0,0,0,0,1,1,1,1,1,1,1,1,1,1,1
144,1712243230.405,test_database.test_collection,EOF,37.0,True,classic,118,"{'FeatureCompatibilityVersion': {'acquireCount': {'r': 1}}, 'Global': {'acquireCount': {'r': 1}}}",62878,0,test_collection,"{'user': {'$eq': 'user'}, 'password': 'benign6'}",{'id': {'$uuid': 'e5e23d7e-5367-4829-a104-ca369c49d4dc'}},0,0,1,0,0,0,0,0,0,0,0,0,0,1,0,0,0,0,0,0,0,1,1,1,1,1,1,1,1,1,1,1
145,1712243230.406,test_database.test_collection,EOF,57.0,True,classic,118,"{'FeatureCompatibilityVersion': {'acquireCount': {'r': 1}}, 'Global': {'acquireCount': {'r': 1}}}",104716,0,test_collection,{'user': {'$regex': '^benign7'}},{'id': {'$uuid': 'e5e23d7e-5367-4829-a104-ca369c49d4dc'}},0,0,0,0,0,0,0,0,0,1,0,0,0,1,0,0,0,0,0,0,0,1,1,1,1,1,1,1,1,1,1,1
146,1712243230.407,test_database.test_collection,EOF,66.0,True,classic,118,"{'FeatureCompatibilityVersion': {'acquireCount': {'r': 1}}, 'Global': {'acquireCount': {'r': 1}}}",114675,0,test_collection,"{'user': 'benign10', 'password': {'$ne': 'benign10password'}}",{'id': {'$uuid': 'e5e23d7e-5367-4829-a104-ca369c49d4dc'}},0,0,0,0,0,1,0,0,0,0,0,0,0,1,0,0,0,0,0,0,0,1,1,1,1,1,1,1,1,1,1,1
147,1712243230.407,test_database.test_collection,EOF,57.0,True,classic,118,"{'FeatureCompatibilityVersion': {'acquireCount': {'r': 1}}, 'Global': {'acquireCount': {'r': 1}}}",96901,0,test_collection,"{'user': {'$in': ['guest', 'user', 'benign11']}, 'password': 'benign11password'}",{'id': {'$uuid': 'e5e23d7e-5367-4829-a104-ca369c49d4dc'}},0,0,0,0,1,0,0,0,0,0,0,0,0,1,0,0,0,0,0,0,0,1,1,1,1,1,1,1,1,1,1,1
148,1712243230.408,test_database.test_collection,EOF,69.0,True,classic,118,"{'FeatureCompatibilityVersion': {'acquireCount': {'r': 1}}, 'Global': {'acquireCount': {'r': 1}}}",123983,0,test_collection,"{'user': 'malicious11', 'password': 'malicious11password'}",{'id': {'$uuid': 'e5e23d7e-5367-4829-a104-ca369c49d4dc'}},0,0,0,0,0,0,0,0,0,0,0,0,0,0,0,0,0,0,0,0,0,1,1,1,1,1,1,1,1,1,1,1
149,1712243230.409,test_database.test_collection,EOF,71.0,True,classic,118,"{'FeatureCompatibilityVersion': {'acquireCount': {'r': 1}}, 'Global': {'acquireCount': {'r': 1}}}",118703,0,test_collection,{'username': {'$regex': '^malicious12'}},{'id': {'$uuid': 'e5e23d7e-5367-4829-a104-ca369c49d4dc'}},0,0,0,0,0,0,0,0,0,1,0,0,0,1,0,0,0,0,0,0,0,1,1,1,1,1,1,1,1,1,1,1
150,1712243230.41,test_database.test_collection,EOF,77.0,True,classic,118,"{'FeatureCompatibilityVersion': {'acquireCount': {'r': 1}}, 'Global': {'acquireCount': {'r': 1}}}",143760,0,test_collection,"{'user': 'test', 'password': 'test123{}'}",{'id': {'$uuid': 'e5e23d7e-5367-4829-a104-ca369c49d4dc'}},0,0,0,0,0,0,0,0,0,0,0,0,0,0,0,0,0,0,0,0,0,1,1,1,1,1,1,1,1,1,1,1
151,1712243230.411,test_database.test_collection,EOF,265.0,True,classic,118,"{'FeatureCompatibilityVersion': {'acquireCount': {'r': 1}}, 'Global': {'acquireCount': {'r': 1}}}",378420,0,test_collection,"{'user': {'$in': ['admin', 'root', 'hacker', 'malicious13']}, 'password': 'password'}",{'id': {'$uuid': 'e5e23d7e-5367-4829-a104-ca369c49d4dc'}},0,0,0,0,1,0,0,0,0,0,0,0,0,1,0,0,0,0,0,0,0,1,1,1,1,1,1,1,1,1,1,1
152,1712243230.412,test_database.test_collection,EOF,70.0,True,classic,118,"{'FeatureCompatibilityVersion': {'acquireCount': {'r': 1}}, 'Global': {'acquireCount': {'r': 1}}}",113883,0,test_collection,"{'user': {'$size': 6}, 'password': '123456'}",{'id': {'$uuid': 'e5e23d7e-5367-4829-a104-ca369c49d4dc'}},0,0,0,0,0,0,0,0,0,0,0,0,1,1,0,0,0,0,0,0,0,1,1,1,1,1,1,1,1,1,1,1
153,1712243230.413,test_database.test_collection,EOF,319.0,True,classic,118,"{'FeatureCompatibilityVersion': {'acquireCount': {'r': 1}}, 'Global': {'acquireCount': {'r': 1}}}",114743,0,test_collection,"{'$where': ""this.age > 30 && this.gender === 'male' && this.status === 'active'""}",{'id': {'$uuid': 'e5e23d7e-5367-4829-a104-ca369c49d4dc'}},0,0,0,0,0,0,0,0,0,0,1,0,0,1,0,1,0,0,1,1,1,1,1,1,1,1,1,1,1,1,1,1
154,1712243230.413,test_database.test_collection,None,,None,None,115,"{'FeatureCompatibilityVersion': {'acquireCount': {'r': 1}}, 'Global': {'acquireCount': {'r': 1}}}",82986,0,test_collection,{'name': {'$type': 26}},{'id': {'$uuid': 'e5e23d7e-5367-4829-a104-ca369c49d4dc'}},0,0,0,0,0,0,0,1,0,0,0,0,0,1,0,0,0,0,0,0,0,1,1,1,1,1,1,1,1,1,1,1
155,1712243230.414,test_database.test_collection,None,,None,None,115,"{'FeatureCompatibilityVersion': {'acquireCount': {'r': 1}}, 'Global': {'acquireCount': {'r': 1}}}",57317,0,test_collection,{'name': {'$type': 27}},{'id': {'$uuid': 'e5e23d7e-5367-4829-a104-ca369c49d4dc'}},0,0,0,0,0,0,0,1,0,0,0,0,0,1,0,0,0,0,0,0,0,1,1,1,1,1,1,1,1,1,1,1
156,1712243230.414,test_database.test_collection,EOF,45.0,True,classic,118,"{'FeatureCompatibilityVersion': {'acquireCount': {'r': 1}}, 'Global': {'acquireCount': {'r': 1}}}",72937,0,test_collection,{'username': {'$regex': '^(malicious14|malicious15)\\d+'}},{'id': {'$uuid': 'e5e23d7e-5367-4829-a104-ca369c49d4dc'}},0,0,0,0,0,0,0,0,0,1,0,0,0,1,0,0,0,0,0,0,0,1,1,1,1,1,1,1,1,1,1,1
157,1712243230.415,test_database.test_collection,EOF,32.0,True,classic,118,"{'FeatureCompatibilityVersion': {'acquireCount': {'r': 1}}, 'Global': {'acquireCount': {'r': 1}}}",55815,0,test_collection,"{'user': {'$eq': 'admin'}, 'password': 'malicious16'}",{'id': {'$uuid': 'e5e23d7e-5367-4829-a104-ca369c49d4dc'}},0,0,1,0,0,0,0,0,0,0,0,0,0,1,0,0,0,0,0,0,0,1,1,1,1,1,1,1,1,1,1,1
158,1712243230.415,test_database.test_collection,EOF,31.0,True,classic,118,"{'FeatureCompatibilityVersion': {'acquireCount': {'r': 1}}, 'Global': {'acquireCount': {'r': 1}}}",54712,0,test_collection,{'user': {'$regex': '^malicious17'}},{'id': {'$uuid': 'e5e23d7e-5367-4829-a104-ca369c49d4dc'}},0,0,0,0,0,0,0,0,0,1,0,0,0,1,0,0,0,0,0,0,0,1,1,1,1,1,1,1,1,1,1,1
159,1712243230.416,test_database.test_collection,EOF,36.0,True,classic,118,"{'FeatureCompatibilityVersion': {'acquireCount': {'r': 1}}, 'Global': {'acquireCount': {'r': 1}}}",62718,0,test_collection,"{'user': 'malicious20', 'password': {'$ne': 'malicious20password'}}",{'id': {'$uuid': 'e5e23d7e-5367-4829-a104-ca369c49d4dc'}},0,0,0,0,0,1,0,0,0,0,0,0,0,1,0,0,0,0,0,0,0,1,1,1,1,1,1,1,1,1,1,1
160,1712243230.416,test_database.test_collection,EOF,56.0,True,classic,118,"{'FeatureCompatibilityVersion': {'acquireCount': {'r': 1}}, 'Global': {'acquireCount': {'r': 1}}}",106841,0,test_collection,"{'user': {'$in': ['admin', 'root', 'malicious21', 'hacker']}, 'password': 'malicious21password'}",{'id': {'$uuid': 'e5e23d7e-5367-4829-a104-ca369c49d4dc'}},0,0,0,0,1,0,0,0,0,0,0,0,0,1,0,0,0,0,0,0,0,1,1,1,1,1,1,1,1,1,1,1
161,1712243230.417,test_database.test_collection,EOF,63.0,True,classic,118,"{'FeatureCompatibilityVersion': {'acquireCount': {'r': 1}}, 'Global': {'acquireCount': {'r': 1}}}",113042,0,test_collection,"{'user': 'benign12', 'password': 'benign12password'}",{'id': {'$uuid': 'e5e23d7e-5367-4829-a104-ca369c49d4dc'}},0,0,0,0,0,0,0,0,0,0,0,0,0,0,0,0,0,0,0,0,0,1,1,1,1,1,1,1,1,1,1,1
162,1712243230.417,test_database.test_collection,EOF,52.0,True,classic,118,"{'FeatureCompatibilityVersion': {'acquireCount': {'r': 1}}, 'Global': {'acquireCount': {'r': 1}}}",87574,0,test_collection,{'username': {'$regex': '^benign13'}},{'id': {'$uuid': 'e5e23d7e-5367-4829-a104-ca369c49d4dc'}},0,0,0,0,0,0,0,0,0,1,0,0,0,1,0,0,0,0,0,0,0,1,1,1,1,1,1,1,1,1,1,1
163,1712243230.418,test_database.test_collection,EOF,32.0,True,classic,118,"{'FeatureCompatibilityVersion': {'acquireCount': {'r': 1}}, 'Global': {'acquireCount': {'r': 1}}}",56276,0,test_collection,"{'user': 'test', 'password': 'test456{}'}",{'id': {'$uuid': 'e5e23d7e-5367-4829-a104-ca369c49d4dc'}},0,0,0,0,0,0,0,0,0,0,0,0,0,0,0,0,0,0,0,0,0,1,1,1,1,1,1,1,1,1,1,1
164,1712243230.418,test_database.test_collection,EOF,33.0,True,classic,118,"{'FeatureCompatibilityVersion': {'acquireCount': {'r': 1}}, 'Global': {'acquireCount': {'r': 1}}}",55083,0,test_collection,"{'user': {'$in': ['guest', 'user', 'benign14']}, 'password': 'password'}",{'id': {'$uuid': 'e5e23d7e-5367-4829-a104-ca369c49d4dc'}},0,0,0,0,1,0,0,0,0,0,0,0,0,1,0,0,0,0,0,0,0,1,1,1,1,1,1,1,1,1,1,1
165,1712243230.419,test_database.test_collection,EOF,30.0,True,classic,118,"{'FeatureCompatibilityVersion': {'acquireCount': {'r': 1}}, 'Global': {'acquireCount': {'r': 1}}}",53651,0,test_collection,"{'user': {'$size': 7}, 'password': '123456'}",{'id': {'$uuid': 'e5e23d7e-5367-4829-a104-ca369c49d4dc'}},0,0,0,0,0,0,0,0,0,0,0,0,1,1,0,0,0,0,0,0,0,1,1,1,1,1,1,1,1,1,1,1
166,1712243230.419,test_database.test_collection,EOF,409.0,True,classic,118,"{'FeatureCompatibilityVersion': {'acquireCount': {'r': 1}}, 'Global': {'acquireCount': {'r': 1}}}",96149,0,test_collection,"{'$where': ""this.age > 35 && this.gender === 'female' && this.status === 'active'""}",{'id': {'$uuid': 'e5e23d7e-5367-4829-a104-ca369c49d4dc'}},0,0,0,0,0,0,0,0,0,0,1,0,0,1,0,1,0,0,1,1,1,1,1,1,1,1,1,1,1,1,1,1
167,1712243230.42,test_database.test_collection,None,,None,None,115,"{'FeatureCompatibilityVersion': {'acquireCount': {'r': 1}}, 'Global': {'acquireCount': {'r': 1}}}",75852,0,test_collection,{'name': {'$type': 28}},{'id': {'$uuid': 'e5e23d7e-5367-4829-a104-ca369c49d4dc'}},0,0,0,0,0,0,0,1,0,0,0,0,0,1,0,0,0,0,0,0,0,1,1,1,1,1,1,1,1,1,1,1
168,1712243230.42,test_database.test_collection,None,,None,None,115,"{'FeatureCompatibilityVersion': {'acquireCount': {'r': 1}}, 'Global': {'acquireCount': {'r': 1}}}",96721,0,test_collection,{'name': {'$type': 29}},{'id': {'$uuid': 'e5e23d7e-5367-4829-a104-ca369c49d4dc'}},0,0,0,0,0,0,0,1,0,0,0,0,0,1,0,0,0,0,0,0,0,1,1,1,1,1,1,1,1,1,1,1
169,1712243230.421,test_database.test_collection,EOF,70.0,True,classic,118,"{'FeatureCompatibilityVersion': {'acquireCount': {'r': 1}}, 'Global': {'acquireCount': {'r': 1}}}",116359,0,test_collection,{'username': {'$regex': '^(benign15|benign16)\\d+'}},{'id': {'$uuid': 'e5e23d7e-5367-4829-a104-ca369c49d4dc'}},0,0,0,0,0,0,0,0,0,1,0,0,0,1,0,0,0,0,0,0,0,1,1,1,1,1,1,1,1,1,1,1
170,1712243230.422,test_database.test_collection,EOF,67.0,True,classic,118,"{'FeatureCompatibilityVersion': {'acquireCount': {'r': 1}}, 'Global': {'acquireCount': {'r': 1}}}",116939,0,test_collection,"{'user': {'$eq': 'user'}, 'password': 'benign17'}",{'id': {'$uuid': 'e5e23d7e-5367-4829-a104-ca369c49d4dc'}},0,0,1,0,0,0,0,0,0,0,0,0,0,1,0,0,0,0,0,0,0,1,1,1,1,1,1,1,1,1,1,1
171,1712243230.422,test_database.test_collection,EOF,53.0,True,classic,118,"{'FeatureCompatibilityVersion': {'acquireCount': {'r': 1}}, 'Global': {'acquireCount': {'r': 1}}}",89047,0,test_collection,{'user': {'$regex': '^benign18'}},{'id': {'$uuid': 'e5e23d7e-5367-4829-a104-ca369c49d4dc'}},0,0,0,0,0,0,0,0,0,1,0,0,0,1,0,0,0,0,0,0,0,1,1,1,1,1,1,1,1,1,1,1
172,1712243230.423,test_database.test_collection,EOF,39.0,True,classic,118,"{'FeatureCompatibilityVersion': {'acquireCount': {'r': 1}}, 'Global': {'acquireCount': {'r': 1}}}",65193,0,test_collection,"{'user': 'benign21', 'password': {'$ne': 'benign21password'}}",{'id': {'$uuid': 'e5e23d7e-5367-4829-a104-ca369c49d4dc'}},0,0,0,0,0,1,0,0,0,0,0,0,0,1,0,0,0,0,0,0,0,1,1,1,1,1,1,1,1,1,1,1
173,1712243230.423,test_database.test_collection,EOF,33.0,True,classic,118,"{'FeatureCompatibilityVersion': {'acquireCount': {'r': 1}}, 'Global': {'acquireCount': {'r': 1}}}",57498,0,test_collection,"{'user': {'$in': ['guest', 'user', 'benign22']}, 'password': 'benign22password'}",{'id': {'$uuid': 'e5e23d7e-5367-4829-a104-ca369c49d4dc'}},0,0,0,0,1,0,0,0,0,0,0,0,0,1,0,0,0,0,0,0,0,1,1,1,1,1,1,1,1,1,1,1
174,1712243230.424,test_database.test_collection,EOF,414.0,True,classic,118,"{'FeatureCompatibilityVersion': {'acquireCount': {'r': 1}}, 'Global': {'acquireCount': {'r': 1}}}",101471,0,test_collection,"{'$where': ""this.age > 35 && this.gender === 'female' && this.isActive === true""}",{'id': {'$uuid': 'e5e23d7e-5367-4829-a104-ca369c49d4dc'}},0,0,0,0,0,0,0,0,0,0,1,0,0,1,0,1,0,0,1,1,1,1,1,1,1,1,1,1,1,1,1,1
175,1712243230.424,test_database.test_collection,None,,None,None,115,"{'FeatureCompatibilityVersion': {'acquireCount': {'r': 1}}, 'Global': {'acquireCount': {'r': 1}}}",92664,0,test_collection,{'name': {'$type': 30}},{'id': {'$uuid': 'e5e23d7e-5367-4829-a104-ca369c49d4dc'}},0,0,0,0,0,0,0,1,0,0,0,0,0,1,0,0,0,0,0,0,0,1,1,1,1,1,1,1,1,1,1,1
176,1712243230.425,test_database.test_collection,EOF,74.0,True,classic,118,"{'FeatureCompatibilityVersion': {'acquireCount': {'r': 1}}, 'Global': {'acquireCount': {'r': 1}}}",124534,0,test_collection,"{'user': {'$gt': 'admin'}, 'password': 'maliciouspassword'}",{'id': {'$uuid': 'e5e23d7e-5367-4829-a104-ca369c49d4dc'}},0,0,0,1,0,0,0,0,0,0,0,0,0,1,0,0,0,0,0,0,0,1,1,1,1,1,1,1,1,1,1,1
177,1712243230.426,test_database.test_collection,EOF,90.0,True,classic,118,"{'FeatureCompatibilityVersion': {'acquireCount': {'r': 1}}, 'Global': {'acquireCount': {'r': 1}}}",148849,0,test_collection,"{'user': 'malicious26', 'password': {'$ne': 'maliciouspassword'}}",{'id': {'$uuid': 'e5e23d7e-5367-4829-a104-ca369c49d4dc'}},0,0,0,0,0,1,0,0,0,0,0,0,0,1,0,0,0,0,0,0,0,1,1,1,1,1,1,1,1,1,1,1
178,1712243230.427,test_database.test_collection,EOF,91.0,True,classic,118,"{'FeatureCompatibilityVersion': {'acquireCount': {'r': 1}}, 'Global': {'acquireCount': {'r': 1}}}",160611,0,test_collection,"{'user': {'$in': ['admin', 'root', 'malicious27', 'hacker', 'test']}, 'password': 'maliciouspassword'}",{'id': {'$uuid': 'e5e23d7e-5367-4829-a104-ca369c49d4dc'}},0,0,0,0,1,0,0,0,0,0,0,0,0,1,0,0,0,0,0,0,0,1,1,1,1,1,1,1,1,1,1,1
179,1712243230.428,test_database.test_collection,EOF,233.0,True,classic,118,"{'FeatureCompatibilityVersion': {'acquireCount': {'r': 1}}, 'Global': {'acquireCount': {'r': 1}}}",345429,0,test_collection,"{'user': {'$size': 9}, 'password': 'benignpassword'}",{'id': {'$uuid': 'e5e23d7e-5367-4829-a104-ca369c49d4dc'}},0,0,0,0,0,0,0,0,0,0,0,0,1,1,0,0,0,0,0,0,0,1,1,1,1,1,1,1,1,1,1,1
180,1712243230.43,test_database.test_collection,EOF,684.0,True,classic,118,"{'FeatureCompatibilityVersion': {'acquireCount': {'r': 1}}, 'Global': {'acquireCount': {'r': 1}}}",386796,0,test_collection,"{'$where': ""this.age > 40 && this.gender === 'male' && this.isActive === true""}",{'id': {'$uuid': 'e5e23d7e-5367-4829-a104-ca369c49d4dc'}},0,0,0,0,0,0,0,0,0,0,1,0,0,1,0,1,0,0,1,1,1,1,1,1,1,1,1,1,1,1,1,1
181,1712243230.432,test_database.test_collection,None,,None,None,115,"{'FeatureCompatibilityVersion': {'acquireCount': {'r': 1}}, 'Global': {'acquireCount': {'r': 1}}}",196269,0,test_collection,{'name': {'$type': 31}},{'id': {'$uuid': 'e5e23d7e-5367-4829-a104-ca369c49d4dc'}},0,0,0,0,0,0,0,1,0,0,0,0,0,1,0,0,0,0,0,0,0,1,1,1,1,1,1,1,1,1,1,1
182,1712243230.433,test_database.test_collection,EOF,105.0,True,classic,118,"{'FeatureCompatibilityVersion': {'acquireCount': {'r': 1}}, 'Global': {'acquireCount': {'r': 1}}}",176491,0,test_collection,"{'user': {'$gt': 'user'}, 'password': 'benignpassword'}",{'id': {'$uuid': 'e5e23d7e-5367-4829-a104-ca369c49d4dc'}},0,0,0,1,0,0,0,0,0,0,0,0,0,1,0,0,0,0,0,0,0,1,1,1,1,1,1,1,1,1,1,1
183,1712243230.435,test_database.test_collection,EOF,96.0,True,classic,118,"{'FeatureCompatibilityVersion': {'acquireCount': {'r': 1}}, 'Global': {'acquireCount': {'r': 1}}}",166602,0,test_collection,"{'user': 'benign26', 'password': {'$ne': 'benignpassword'}}",{'id': {'$uuid': 'e5e23d7e-5367-4829-a104-ca369c49d4dc'}},0,0,0,0,0,1,0,0,0,0,0,0,0,1,0,0,0,0,0,0,0,1,1,1,1,1,1,1,1,1,1,1
184,1712243230.436,test_database.test_collection,EOF,87.0,True,classic,118,"{'FeatureCompatibilityVersion': {'acquireCount': {'r': 1}}, 'Global': {'acquireCount': {'r': 1}}}",151184,0,test_collection,"{'user': {'$in': ['guest', 'user', 'Superuser', 'test']}, 'password': 'password123'}",{'id': {'$uuid': 'e5e23d7e-5367-4829-a104-ca369c49d4dc'}},0,0,0,0,1,0,0,0,0,0,0,0,0,1,0,0,0,0,0,0,0,1,1,1,1,1,1,1,1,1,1,1
185,1712243230.437,test_database.test_collection,EOF,156.0,True,classic,118,"{'FeatureCompatibilityVersion': {'acquireCount': {'r': 1}}, 'Global': {'acquireCount': {'r': 1}}}",249318,0,test_collection,"{'user': {'$elemMatch': {'$eq': 'user'}}, 'password': {'$ne': 'test'}}",{'id': {'$uuid': 'e5e23d7e-5367-4829-a104-ca369c49d4dc'}},0,0,1,0,0,1,0,0,0,0,0,1,0,1,0,0,0,0,0,0,0,1,1,1,1,1,1,1,1,1,1,1
186,1712243230.438,test_database.test_collection,EOF,106.0,True,classic,118,"{'FeatureCompatibilityVersion': {'acquireCount': {'r': 1}}, 'Global': {'acquireCount': {'r': 1}}}",181360,0,test_collection,"{'user': {'$elemMatch': {'$eq': 'guest'}}, 'password': {'$ne': 'guest'}}",{'id': {'$uuid': 'e5e23d7e-5367-4829-a104-ca369c49d4dc'}},0,0,1,0,0,1,0,0,0,0,0,1,0,1,0,0,0,0,0,0,0,1,1,1,1,1,1,1,1,1,1,1
187,1712243230.439,test_database.test_collection,EOF,69.0,True,classic,118,"{'FeatureCompatibilityVersion': {'acquireCount': {'r': 1}}, 'Global': {'acquireCount': {'r': 1}}}",118923,0,test_collection,"{'user': {'$elemMatch': {'$eq': 'admin'}}, 'password': {'$ne': 'admin'}}",{'id': {'$uuid': 'e5e23d7e-5367-4829-a104-ca369c49d4dc'}},0,0,1,0,0,1,0,0,0,0,0,1,0,1,0,0,0,0,0,0,0,1,1,1,1,1,1,1,1,1,1,1
188,1712243230.44,test_database.test_collection,EOF,51.0,True,classic,118,"{'FeatureCompatibilityVersion': {'acquireCount': {'r': 1}}, 'Global': {'acquireCount': {'r': 1}}}",84378,0,test_collection,"{'user': {'$in': ['admin', 'root', 'hacker', 'test', 'guest']}, 'password': 'password'}",{'id': {'$uuid': 'e5e23d7e-5367-4829-a104-ca369c49d4dc'}},0,0,0,0,1,0,0,0,0,0,0,0,0,1,0,0,0,0,0,0,0,1,1,1,1,1,1,1,1,1,1,1
189,1712243230.44,test_database.test_collection,EOF,42.0,True,classic,118,"{'FeatureCompatibilityVersion': {'acquireCount': {'r': 1}}, 'Global': {'acquireCount': {'r': 1}}}",72756,0,test_collection,"{'user': {'$in': ['user', 'admin', 'guest', 'test', 'hacker']}, 'password': 'password'}",{'id': {'$uuid': 'e5e23d7e-5367-4829-a104-ca369c49d4dc'}},0,0,0,0,1,0,0,0,0,0,0,0,0,1,0,0,0,0,0,0,0,1,1,1,1,1,1,1,1,1,1,1
190,1712243230.441,test_database.test_collection,EOF,40.0,True,classic,118,"{'FeatureCompatibilityVersion': {'acquireCount': {'r': 1}}, 'Global': {'acquireCount': {'r': 1}}}",70692,0,test_collection,"{'user': {'$in': ['guest', 'test', 'user', 'admin', 'hacker']}, 'password': 'password'}",{'id': {'$uuid': 'e5e23d7e-5367-4829-a104-ca369c49d4dc'}},0,0,0,0,1,0,0,0,0,0,0,0,0,1,0,0,0,0,0,0,0,1,1,1,1,1,1,1,1,1,1,1
191,1712243230.442,test_database.test_collection,EOF,116.0,True,classic,118,"{'FeatureCompatibilityVersion': {'acquireCount': {'r': 1}}, 'Global': {'acquireCount': {'r': 1}}}",181841,0,test_collection,"{'user': {'$size': 8}, 'password': '123456'}",{'id': {'$uuid': 'e5e23d7e-5367-4829-a104-ca369c49d4dc'}},0,0,0,0,0,0,0,0,0,0,0,0,1,1,0,0,0,0,0,0,0,1,1,1,1,1,1,1,1,1,1,1
192,1712243230.443,test_database.test_collection,EOF,73.0,True,classic,118,"{'FeatureCompatibilityVersion': {'acquireCount': {'r': 1}}, 'Global': {'acquireCount': {'r': 1}}}",128822,0,test_collection,"{'user': {'$size': 10}, 'password': '12345678'}",{'id': {'$uuid': 'e5e23d7e-5367-4829-a104-ca369c49d4dc'}},0,0,0,0,0,0,0,0,0,0,0,0,1,1,0,0,0,0,0,0,0,1,1,1,1,1,1,1,1,1,1,1
193,1712243230.443,test_database.test_collection,None,,None,None,115,"{'FeatureCompatibilityVersion': {'acquireCount': {'r': 1}}, 'Global': {'acquireCount': {'r': 1}}}",123031,0,test_collection,{'name': {'$type': 33}},{'id': {'$uuid': 'e5e23d7e-5367-4829-a104-ca369c49d4dc'}},0,0,0,0,0,0,0,1,0,0,0,0,0,1,0,0,0,0,0,0,0,1,1,1,1,1,1,1,1,1,1,1
194,1712243230.444,test_database.test_collection,None,,None,None,115,"{'FeatureCompatibilityVersion': {'acquireCount': {'r': 1}}, 'Global': {'acquireCount': {'r': 1}}}",134071,0,test_collection,{'name': {'$type': 34}},{'id': {'$uuid': 'e5e23d7e-5367-4829-a104-ca369c49d4dc'}},0,0,0,0,0,0,0,1,0,0,0,0,0,1,0,0,0,0,0,0,0,1,1,1,1,1,1,1,1,1,1,1
195,1712243230.446,test_database.test_collection,EOF,116.0,True,classic,118,"{'FeatureCompatibilityVersion': {'acquireCount': {'r': 1}}, 'Global': {'acquireCount': {'r': 1}}}",179958,0,test_collection,"{'user': {'$gt': 'admin'}, 'password': 'maliciouspassword'}",{'id': {'$uuid': 'e5e23d7e-5367-4829-a104-ca369c49d4dc'}},0,0,0,1,0,0,0,0,0,0,0,0,0,1,0,0,0,0,0,0,0,1,1,1,1,1,1,1,1,1,1,1
196,1712243230.446,test_database.test_collection,EOF,57.0,True,classic,118,"{'FeatureCompatibilityVersion': {'acquireCount': {'r': 1}}, 'Global': {'acquireCount': {'r': 1}}}",88637,0,test_collection,"{'user': {'$gt': 'user'}, 'password': 'maliciouspassword'}",{'id': {'$uuid': 'e5e23d7e-5367-4829-a104-ca369c49d4dc'}},0,0,0,1,0,0,0,0,0,0,0,0,0,1,0,0,0,0,0,0,0,1,1,1,1,1,1,1,1,1,1,1
197,1712243230.447,test_database.test_collection,EOF,64.0,True,classic,118,"{'FeatureCompatibilityVersion': {'acquireCount': {'r': 1}}, 'Global': {'acquireCount': {'r': 1}}}",112591,0,test_collection,"{'user': 'malicious34', 'password': {'$ne': 'maliciouspassword'}}",{'id': {'$uuid': 'e5e23d7e-5367-4829-a104-ca369c49d4dc'}},0,0,0,0,0,1,0,0,0,0,0,0,0,1,0,0,0,0,0,0,0,1,1,1,1,1,1,1,1,1,1,1
198,1712243230.447,test_database.test_collection,EOF,52.0,True,classic,118,"{'FeatureCompatibilityVersion': {'acquireCount': {'r': 1}}, 'Global': {'acquireCount': {'r': 1}}}",85611,0,test_collection,"{'user': 'malicious35', 'password': {'$ne': 'maliciouspassword'}}",{'id': {'$uuid': 'e5e23d7e-5367-4829-a104-ca369c49d4dc'}},0,0,0,0,0,1,0,0,0,0,0,0,0,1,0,0,0,0,0,0,0,1,1,1,1,1,1,1,1,1,1,1
199,1712243230.448,test_database.test_collection,EOF,49.0,True,classic,118,"{'FeatureCompatibilityVersion': {'acquireCount': {'r': 1}}, 'Global': {'acquireCount': {'r': 1}}}",82515,0,test_collection,"{'user': {'$in': ['admin', 'root', 'malicious36', 'hacker', 'test', 'guest']}, 'password': 'password123'}",{'id': {'$uuid': 'e5e23d7e-5367-4829-a104-ca369c49d4dc'}},0,0,0,0,1,0,0,0,0,0,0,0,0,1,0,0,0,0,0,0,0,1,1,1,1,1,1,1,1,1,1,1
200,1712243230.448,test_database.test_collection,EOF,46.0,True,classic,118,"{'FeatureCompatibilityVersion': {'acquireCount': {'r': 1}}, 'Global': {'acquireCount': {'r': 1}}}",78217,0,test_collection,"{'user': {'$in': ['user', 'admin', 'guest', 'test', 'hacker', 'malicious37']}, 'password': 'admin123'}",{'id': {'$uuid': 'e5e23d7e-5367-4829-a104-ca369c49d4dc'}},0,0,0,0,1,0,0,0,0,0,0,0,0,1,0,0,0,0,0,0,0,1,1,1,1,1,1,1,1,1,1,1
201,1712243230.449,test_database.test_collection,EOF,44.0,True,classic,118,"{'FeatureCompatibilityVersion': {'acquireCount': {'r': 1}}, 'Global': {'acquireCount': {'r': 1}}}",73809,0,test_collection,"{'user': {'$size': 11}, 'password': 'benignpassword'}",{'id': {'$uuid': 'e5e23d7e-5367-4829-a104-ca369c49d4dc'}},0,0,0,0,0,0,0,0,0,0,0,0,1,1,0,0,0,0,0,0,0,1,1,1,1,1,1,1,1,1,1,1
202,1712243230.449,test_database.test_collection,EOF,43.0,True,classic,118,"{'FeatureCompatibilityVersion': {'acquireCount': {'r': 1}}, 'Global': {'acquireCount': {'r': 1}}}",72386,0,test_collection,"{'user': {'$size': 12}, 'password': 'benignpassword'}",{'id': {'$uuid': 'e5e23d7e-5367-4829-a104-ca369c49d4dc'}},0,0,0,0,0,0,0,0,0,0,0,0,1,1,0,0,0,0,0,0,0,1,1,1,1,1,1,1,1,1,1,1
203,1712243230.45,test_database.test_collection,EOF,39.0,True,classic,118,"{'FeatureCompatibilityVersion': {'acquireCount': {'r': 1}}, 'Global': {'acquireCount': {'r': 1}}}",69190,0,test_collection,"{'user': {'$gt': 'user'}, 'password': 'benignpassword'}",{'id': {'$uuid': 'e5e23d7e-5367-4829-a104-ca369c49d4dc'}},0,0,0,1,0,0,0,0,0,0,0,0,0,1,0,0,0,0,0,0,0,1,1,1,1,1,1,1,1,1,1,1
204,1712243230.45,test_database.test_collection,EOF,45.0,True,classic,118,"{'FeatureCompatibilityVersion': {'acquireCount': {'r': 1}}, 'Global': {'acquireCount': {'r': 1}}}",76183,0,test_collection,"{'user': {'$gt': 'guest'}, 'password': 'benignpassword'}",{'id': {'$uuid': 'e5e23d7e-5367-4829-a104-ca369c49d4dc'}},0,0,0,1,0,0,0,0,0,0,0,0,0,1,0,0,0,0,0,0,0,1,1,1,1,1,1,1,1,1,1,1
205,1712243230.451,test_database.test_collection,EOF,60.0,True,classic,118,"{'FeatureCompatibilityVersion': {'acquireCount': {'r': 1}}, 'Global': {'acquireCount': {'r': 1}}}",103074,0,test_collection,"{'user': 'benign34', 'password': {'$ne': 'benignpassword'}}",{'id': {'$uuid': 'e5e23d7e-5367-4829-a104-ca369c49d4dc'}},0,0,0,0,0,1,0,0,0,0,0,0,0,1,0,0,0,0,0,0,0,1,1,1,1,1,1,1,1,1,1,1
206,1712243230.452,test_database.test_collection,EOF,55.0,True,classic,118,"{'FeatureCompatibilityVersion': {'acquireCount': {'r': 1}}, 'Global': {'acquireCount': {'r': 1}}}",93816,0,test_collection,"{'user': 'benign35', 'password': {'$ne': 'benignpassword'}}",{'id': {'$uuid': 'e5e23d7e-5367-4829-a104-ca369c49d4dc'}},0,0,0,0,0,1,0,0,0,0,0,0,0,1,0,0,0,0,0,0,0,1,1,1,1,1,1,1,1,1,1,1
207,1712243230.452,test_database.test_collection,EOF,52.0,True,classic,118,"{'FeatureCompatibilityVersion': {'acquireCount': {'r': 1}}, 'Global': {'acquireCount': {'r': 1}}}",84759,0,test_collection,"{'user': {'$in': ['admin', 'root', 'benign36', 'hacker', 'test', 'guest']}, 'password': 'benignpassword'}",{'id': {'$uuid': 'e5e23d7e-5367-4829-a104-ca369c49d4dc'}},0,0,0,0,1,0,0,0,0,0,0,0,0,1,0,0,0,0,0,0,0,1,1,1,1,1,1,1,1,1,1,1
208,1712243230.453,test_database.test_collection,EOF,57.0,True,classic,118,"{'FeatureCompatibilityVersion': {'acquireCount': {'r': 1}}, 'Global': {'acquireCount': {'r': 1}}}",93516,0,test_collection,"{'user': {'$in': ['user', 'admin', 'guest', 'test', 'hacker', 'Admin123']}, 'password': 'benignpassword'}",{'id': {'$uuid': 'e5e23d7e-5367-4829-a104-ca369c49d4dc'}},0,0,0,0,1,0,0,0,0,0,0,0,0,1,0,0,0,0,0,0,0,1,1,1,1,1,1,1,1,1,1,1
209,1712243230.453,test_database.test_collection,EOF,52.0,True,classic,118,"{'FeatureCompatibilityVersion': {'acquireCount': {'r': 1}}, 'Global': {'acquireCount': {'r': 1}}}",89177,0,test_collection,"{'$or': [{}, {'foo': '1'}]}",{'id': {'$uuid': 'e5e23d7e-5367-4829-a104-ca369c49d4dc'}},0,1,0,0,0,0,0,0,0,0,0,0,0,1,0,0,0,0,0,0,0,1,1,1,1,1,1,1,0,1,1,1
210,1712243230.454,test_database.test_collection,EOF,250.0,True,classic,118,"{'FeatureCompatibilityVersion': {'acquireCount': {'r': 1}}, 'Global': {'acquireCount': {'r': 1}}}",111109,0,test_collection,{'$where': 'return true'},{'id': {'$uuid': 'e5e23d7e-5367-4829-a104-ca369c49d4dc'}},0,0,0,0,0,0,0,0,0,0,1,0,0,1,0,0,0,0,0,0,0,1,1,1,1,1,1,1,0,1,1,1
211,1712243230.455,test_database.test_collection,None,,None,None,211,"{'FeatureCompatibilityVersion': {'acquireCount': {'r': 1}}, 'Global': {'acquireCount': {'r': 1}}}",76123,0,test_collection,{'$in': []},{'id': {'$uuid': 'e5e23d7e-5367-4829-a104-ca369c49d4dc'}},0,0,0,0,1,0,0,0,0,0,0,0,0,1,0,0,0,0,0,0,0,1,1,1,1,0,1,1,1,0,1,0
